prism_id,last_name,first_name,middle_name,birth_year,birth_month,birth_day,bbref_id,fangraphs_id,mlbam_id,nfbc_id,sfbb_id,yahoo_id
000svvhjew,,,,,,,popza01,20185,647315,11183,,12108
015g5gcvlr,,,,,,,nicolky01,27775,693312,11869,,60341
02vlgbhh3r,,,,,,,baldwdr01,31539,686948,12203,baldwdr01,60077
03bl1hngvw,,,,,,,sweetde01,25348,682967,11828,,61836
0492enhc4d,,,,,,,gilbrlu01,21290,656458,11177,,12103
04tb2mnv00,,,,,,,vientma01,22184,668901,10282,vientma01,10922
05811gffwh,,,,,,,martest01,9241,516782,7736,martest01,9118
05tt9hm92w,,,,,,,montafr02,14309,593423,9103,montafr02,10027
06bz39jtdr,,,,,,,stephtr01,19932,663986,11194,stephtr01,11357
06zl3y3q9d,,,,,,,valerge01,22541,671655,10205,valerge01,11298
07hcbld48d,,,,,,,lodolni01,26378,666157,10964,lodolni01,11750
07ytnfhm9d,,,,,,,grayjo03,24580,680686,10259,grayjo03,11480
08wv6yyerm,,,,,,,adamja01,11861,592094,10025,adamja01,11009
09c13ce6m8,,,,,,,lowderh01,33876,695076,11933,lowderh01,62977
09s0gxm8y0,,,,,,,richatr01,19309,670950,9951,richatr01,10988
0c78jp1njh,,,,,,,urquijo01,18413,664353,10645,urquijo01,11608
0dr7p5djbr,,,,,,,raineta01,17610,663432,10020,raineta01,10989
0e08y8503m,,,,,,,pederjo01,11899,592626,8688,pederjo01,9414
0evxssp0ew,,,,,,,penroza01,25368,683068,12184,,63330
0fkschh9hr,,,,,,,cruzst01,23165,674444,11852,,60570
0fqwpk88q0,,,,,,,glasnty01,14374,607192,8700,glasnty01,9616
0g8dednxcw,,,,,,,maldoma01,6887,455117,8159,maldoma01,9045
0h8pkhx25w,,,,,,,duranja01,24617,680776,10824,duranja01,11735
0hc0j661xw,,,,,,,mercami01,23223,675650,11962,mercami01,11546
0hl71p64rw,,,,,,,buttojo01,23313,676130,11400,buttojo01,12337
0jtfbksky4,,,,,,,kreidry01,25867,668952,11324,kreidry01,12428
0jy7pjedpd,,,,,,,robbese01,sa3011735,691828,11976,robbese01,12571
0kqb4s0qbm,,,,,,,aldegsa01,26443,691951,12170,,63620
0kz9s3m1ew,,,,,,,casteni01,11737,592206,8221,casteni01,9108
0kzrvtdyjr,,,,,,,fraziad01,15223,624428,9387,fraziad01,10322
0lmr7qkmfd,,,,,,,swanser01,16587,657024,10449,swanser01,11236
0lqfwsdh4w,,,,,,,thorntr01,17948,663423,10494,thorntr01,11247
0m24y75cmm,,,,,,,alexabl01,23789,677942,10142,alexabl01,11415
0mg5h79vw0,,,,,,,corteca01,21842,666126,12427,,12488
0mm3zgzsk4,,,,,,,biggica01,19252,624415,10160,biggica01,11086
0nfedq762h,,,,,,,matonni01,21635,665155,11016,matonni01,11814
0p76sd3p2r,,,,,,,steveca01,22411,670276,10383,steveca01,12668
0qnhprcy74,,,,,,,houckta01,19879,656557,11068,houckta01,10852
0r5rlppgn0,,,,,,,moncayo01,17232,660162,8979,moncayo01,9900
0t37tekg9m,,,,,,,espadjo01,21131,664744,11878,,62403
0v7lhb0k5w,,,,,,,solakni01,19294,669256,9967,solakni01,10927
0vzk26es0m,,,,,,,heanean01,15423,571760,8670,heanean01,9586
0wbh0gc9zr,,,,,,,delayja01,19806,641511,11495,delayja01,12637
0wzw91c32d,,,,,,,fermijo01,21746,665877,11776,,12710
0x9v79c9xm,,,,,,,scottvi01,31349,687363,11947,scottvi01,61888
0xl8qzyn1h,,,,,,,trompch01,16953,644433,11085,trompch01,12009
0yh1r3kcr8,,,,,,,raganco01,21846,666142,10166,raganco01,10610
0yt7k2d5th,,,,,,,orneljo01,24597,680716,10249,,11553
0ywnctc694,,,,,,,springe01,12856,543807,8433,springe01,9339
0zr8qbqwwh,,,,,,,whitcsh01,27789,694376,12156,whitcsh01,12442
0zwcy8rnjd,,,,,,,rodrien01,25332,682848,11584,rodrien01,12160
10r73cbf1h,,,,,,,vargami01,20178,678246,10417,vargami01,11781
11bhd7snjh,,,,,,,hicksjo03,19618,663855,9957,hicksjo03,10947
11rndjgqch,,,,,,,megilty01,21318,656731,11227,megilty01,12215
11xr0jsdf0,,,,,,,sewalpa01,13892,623149,9642,sewalpa01,10657
150d9tvj6w,,,,,,,singljo02,10441,572138,8213,singljo02,9099
15rbr3dj18,,,,,,,sasakro01,35323,808963,11940,sasakro01,64803
16dnyyqtvh,,,,,,,ginkeke01,19876,656464,10662,ginkeke01,11626
16hqjnv2f0,,,,,,,delacel01,26668,682829,11583,delacel01,12393
173yd4sz10,,,,,,,dezenza01,31562,701305,12145,dezenza01,62488
1770csh9rw,,,,,,,chourja01,28806,694192,11738,chourja01,12480
179kf9rszd,,,,,,,koenija01,27517,657649,11489,koenija01,12630
17m05z683m,,,,,,,buschmi02,26319,683737,11048,buschmi02,11778
17z200v114,,,,,,,guentse01,20045,674944,11251,,12240
18b9ft0lsm,,,,,,,heywaja01,4940,518792,7112,heywaja01,8621
19z56wdcp4,,,,,,,akinke01,19362,669211,10524,akinke01,10431
1bxfymq8c8,,,,,,,bohmal01,21618,664761,10125,bohmal01,11365
1c0q97f6l4,,,,,,,mcartja01,21527,663704,11345,mcartja01,12324
1csr1ftepw,,,,,,,winkeje01,13590,608385,8647,winkeje01,9561
1dbqmk6mp4,,,,,,,maldoan01,26034,687424,11997,,61764
1e73wj2q2w,,,,,,,caspabe01,30085,676508,12159,caspabe01,64785
1e94bxk0n0,,,,,,,garrebr01,21844,666129,10147,garrebr01,10513
1ejgth7tjm,,,,,,,hodgepo01,26413,687863,11980,hodgepo01,60122
1exwd6tpgd,,,,,,,yamamyo01,33825,808967,11883,yamamyo01,63423
1f0tfqzd1m,,,,,,,lopezpa01,17085,641154,9876,lopezpa01,11057
1f8wshbjeh,,,,,,,diazal03,21132,664747,11350,diazal03,12301
1g7jer53gm,,,,,,,hillti01,16814,657612,9980,hillti01,10986
1h0x6fqded,,,,,,,adamewi01,15986,642715,8971,adamewi01,9893
1h5g93whx0,,,,,,,sanchje02,19913,660821,10236,sanchje02,10951
1hbcnx404d,,,,,,,solando01,8623,456781,8294,solando01,9190
1hllvhgm6d,,,,,,,gaddihu01,25636,683769,11528,gaddihu01,12665
1hq09jf8j4,,,,,,,kingesc01,17975,664068,9777,kingesc01,10558
1hs293phem,,,,,,,mccragr01,25690,687529,12154,mccragr01,60380
1hy1kh0gq4,,,,,,,correca01,14162,621043,8656,correca01,9573
1jk3vm9ys4,,,,,,,polanjo01,13152,593871,8832,polanjo01,9750
1jzb5ghhm4,,,,,,,kellyca01,9174,543391,8028,kellyca01,8867
1k102rev08,,,,,,,krookma01,19315,640454,11314,,12712
1kz8fw8fpd,,,,,,,encarch01,30011,687952,11736,encarch01,60131
1llkqnz63d,,,,,,,assadja01,21741,665871,11547,assadja01,12682
1mjk498ryr,,,,,,,indiajo01,21523,663697,10248,indiajo01,11292
1mk0m1yry4,,,,,,,beninan01,17901,643217,9417,beninan01,10159
1npf6yzjv4,,,,,,,rocchbr01,23690,677587,10379,rocchbr01,11448
1pg79710p8,,,,,,,zerpaan01,22717,672582,11172,zerpaan01,12095
1r6pvbrfq4,,,,,,,freemco01,25629,683227,12428,,61591
1rmvfxw37r,,,,,,,laraan01,27967,691251,12261,,11860
1t71ewhkbr,,,,,,,harriho03,21520,663687,11650,harriho03,12718
1tr68entmr,,,,,,,bowmama01,13528,621199,9273,bowmama01,10246
1vtz4mm2f8,,,,,,,kleinwi01,27787,694361,11983,,63485
1xtvws4mjm,,,,,,,slateju01,25648,686580,12008,slateju01,63500
1z64zzr8xm,,,,,,,blancro01,19407,669854,11447,blancro01,12590
1z788n9k5h,,,,,,,medervi01,31533,682989,11819,,60229
1z9mshf1dw,,,,,,,iriarja01,26907,683568,11913,iriarja01,60350
2030d8759h,,,,,,,gonzani01,27490,693304,11038,gonzani01,12049
2194fn1ggd,,,,,,,morilju02,21924,666661,12380,,62467
21qvszrmd4,,,,,,,shustja01,27472,694363,10849,shustja01,11971
22wpe4ndkw,,,,,,,turanbr02,22186,668930,10151,turanbr02,11343
2444hmmrnw,,,,,,,freemca01,26255,673965,12393,,61754
25z3xxj054,,,,,,,sommedr01,32026,805427,12446,,65281
27plen9jjd,,,,,,,clarkta01,17611,664199,10448,clarkta01,10415
291tdtr11m,,,,,,,strawmy01,17620,664702,10109,strawmy01,11165
292ge5lh1w,,,,,,,fernaya01,28552,692585,12219,fernaya01,60149
294vkhwpbd,,,,,,,cowseco01,29591,681297,11609,cowseco01,12369
29lzqdt098,,,,,,,kershcl01,2036,477132,7150,kershcl01,8180
2bmebsk4m0,,,,,,,gimenan01,19950,665926,10133,gimenan01,10919
2bsp1gtzq8,,,,,,,youngja02,20404,676724,11573,youngja02,12700
2dbglnh3nw,,,,,,,mcculla02,14120,621121,8659,mcculla02,9575
2e24phvw2w,,,,,,,lopezni01,19339,670032,10301,lopezni01,11321
2evzy5jhym,,,,,,,hancoem01,27470,676106,10873,hancoem01,11988
2hvy9ch3eh,,,,,,,mahlety01,16358,641816,9742,mahlety01,10455
2jp9fsnmw4,,,,,,,rodriem01,sa3014693,691181,11990,rodriem01,12487
2jw6gzhmw0,,,,,,,darremi01,31501,690382,12375,,63902
2klktf9c80,,,,,,,leonpe01,27781,694175,11198,leonpe01,12226
2kpv1cqgt0,,,,,,,rayro02,11486,592662,8775,rayro02,9691
2lw0b7kd9d,,,,,,,woodfja01,18674,663765,10772,woodfja01,11542
2lwsdcmk5m,,,,,,,,sa3017949,687589,12015,,12489
2m0ekqhq10,,,,,,,kempot01,31792,805249,12338,,64989
2mfrvjc2hw,,,,,,,cruzon01,21711,665833,10305,cruzon01,11370
2n7s42cqz8,,,,,,,singebr01,25377,663903,10145,singebr01,11323
2p5fbwqhg8,,,,,,,bargead01,24598,680718,11596,bargead01,12741
2pcb436ex4,,,,,,,banfiwi01,23790,677943,10830,,11334
2q1v3gpkn0,,,,,,,abramcj01,25768,682928,11045,abramcj01,11822
2q431fx8zw,,,,,,,alcaljo01,19459,660896,10701,alcaljo01,11344
2qewck3fgh,,,,,,,ginnjt01,27889,669372,12161,ginnjt01,12158
2r3tgn2304,,,,,,,contrwi02,20503,661388,10364,contrwi02,11268
2r6xbqmh8m,,,,,,,turneju01,5235,457759,7742,turneju01,8588
2r984dc448,,,,,,,andergr01,20546,681982,11799,andergr01,62045
2stbmrt32r,,,,,,,kriskbr01,21189,621139,10602,,11691
2swg173gbw,,,,,,,dunnbl01,29487,694362,11925,dunnbl01,62315
2tvqvmze6r,,,,,,,sheetga01,19901,657757,10204,sheetga01,10879
2txyjb8jh8,,,,,,,storytr01,12564,596115,8658,storytr01,9571
2xh27p39z4,,,,,,,pilkiko01,21453,663455,11386,pilkiko01,11307
2xw5y9y8q8,,,,,,,keasclu01,33321,807712,12228,keasclu01,63023
2ymf23xyqm,,,,,,,kellyza01,20349,677161,11551,kellyza01,12686
2yqfzwe0zr,,,,,,,montgjo01,16511,656756,9646,montgjo01,10660
2yxefdg1w8,,,,,,,anderju01,16201,605121,10023,anderju01,11002
2zsk4ctnvh,,,,,,,castilu03,20638,622379,11529,,12666
32tbdgzdph,,,,,,,priesqu01,25977,682990,11131,priesqu01,11820
3338dqbwwd,,,,,,,kellyke02,25679,687330,11729,kellyke02,12768
33vfh5tgfh,,,,,,,tonkimi01,10315,543859,8541,,9454
348y7e1yr4,,,,,,,bazsh01,22264,669358,10331,bazsh01,10934
34ctt3wnv0,,,,,,,guerrlu01,31184,692285,12176,,61779
35gntlx0g8,,,,,,,stockro01,6576,476594,10048,stockro01,11053
35x6z8n9c0,,,,,,,zuberty01,20379,676604,10936,zuberty01,11940
364zk9pxcw,,,,,,,mcdanga01,31751,680729,12317,,64865
373cce3538,,,,,,,stubbcj01,25814,667690,12449,,61797
37dxl83rew,,,,,,,weemsjo01,13190,607179,10864,weemsjo01,11900
382wsws0xh,,,,,,,fulmemi01,13218,605242,9217,fulmemi01,10179
38604phjph,,,,,,,pivetni01,15454,601713,9570,pivetni01,10683
39ntptknt0,,,,,,,burkese01,29878,680732,11755,burkese01,12418
3bjxhffmqm,,,,,,,morgada01,31616,688158,12387,,65463
3cg49c6mjm,,,,,,,mitchga01,27555,669003,11204,mitchga01,12152
3cgx0c7yy4,,,,,,,bernabr01,16835,657514,11522,,12661
3dbkhbglsm,,,,,,,friedtj01,19522,670770,10344,friedtj01,11290
3dml3kdtpw,,,,,,,hamilda03,27531,666152,11645,hamilda03,12732
3e60epbh80,,,,,,,tenajo01,23691,677588,11383,tenajo01,12318
3gckn53rgw,,,,,,,thomaco02,25873,671162,11430,thomaco02,12717
3j0ymf9vgh,,,,,,,rojasjo03,24336,679032,11643,rojasjo03,12508
3j9xlebq2m,,,,,,,ohearry01,16442,656811,9824,ohearry01,10485
3jg02kekbh,,,,,,,youngja03,29931,696285,11846,youngja03,62138
3jqhcht4wr,,,,,,,wachami01,14078,608379,8426,wachami01,9329
3jsct0msq0,,,,,,,jacobal01,29628,689690,11824,jacobal01,60360
3k2bx7y1x4,,,,,,,mckinbi01,15654,641856,8939,mckinbi01,9860
3ltz5fzh50,,,,,,,gratebr01,20367,660813,10152,gratebr01,11112
3m851mfbg4,,,,,,,fittsri01,30160,690916,12014,fittsri01,60306
3n9ppz3blh,,,,,,,sauceta01,17888,642048,11221,,12208
3pg55nd7xm,,,,,,,caratvi01,14968,605170,9262,caratvi01,10748
3qn48ybvch,,,,,,,malloju02,29606,669234,11617,malloju02,60173
3qt468s9e4,,,,,,,hoglugu01,31318,680684,12269,hoglugu01,12569
3qvdkkrclm,,,,,,,abreubr01,16609,650556,10381,abreubr01,11208
3rhmw5rlth,,,,,,,keirsda01,24496,680577,10388,,61672
3sq3kpl9qh,,,,,,,johnsda07,19643,669288,10175,johnsda07,10965
3tvkkt8z3r,,,,,,,henriro01,24094,678692,11371,,12328
3v89652yh4,,,,,,,messipa01,31986,800048,12215,messipa01,60042
3y4rkw9vfh,,,,,,,willibe03,33197,810938,12377,willibe03,63132
3ykjfmdjz4,,,,,,,ravejo01,26284,670231,12400,ravejo01,61619
3zcxdy3m8r,,,,,,,gentrty01,27784,694355,11602,gentrty01,60202
3zszjj1jwd,,,,,,,taylogr02,33927,691799,12359,taylogr01,63027
3zyze3pnf8,,,,,,,estrala01,24914,681751,12422,,65106
400hzjq370,,,,,,,boylejo01,29608,671212,11868,boylejo01,60134
42vf8vpsh0,,,,,,,profaju01,10815,595777,8228,profaju01,9112
4351wfzy5m,,,,,,,,sa3015952,692437,12291,,63638
43p9s12qg0,,,,,,,tovarez01,24064,678662,11346,tovarez01,12322
43q4vrv0cd,,,,,,,bazared01,20997,660825,11165,,12092
442f0hlwy0,,,,,,,ortka01,20061,672391,11286,ortka01,12268
44d50her1d,,,,,,,rodrica02,30161,692230,11915,rodrica02,60260
45cnhnywch,,,,,,,suarera01,17277,624133,9840,suarera01,11117
463kbvmppd,,,,,,,valdefr01,17295,664285,10083,valdefr01,11138
465nxnbxn8,,,,,,,holloga01,25427,668970,11577,,12702
4697wm26p4,,,,,,,carroco02,25878,682998,11025,carroco02,11722
47l5d967zr,,,,,,,greench03,15552,643338,9361,greench03,10293
47p3rsybk0,,,,,,,reynose01,22253,669308,11642,,12715
484z97slt8,,,,,,,gaspemi01,24759,681508,12149,,61785
490qx876fw,,,,,,,pozoyo01,18848,650968,11262,pozoyo01,12250
497gh2fs80,,,,,,,barrojo01,23968,678489,11665,,12749
49jvbp64c8,,,,,,,brogdco01,21205,641401,11019,brogdco01,11955
49slecbzdr,,,,,,,castilu02,15689,622491,9506,castilu02,10514
49vsmfsrq4,,,,,,,beetecl01,27494,690925,11106,beetecl01,12014
4bz8s7nmsd,,,,,,,ryanri01,29514,689981,11910,ryanri01,63577
4c7tmsylbm,,,,,,,jackslu01,11752,592426,8716,jackslu01,9632
4cp4t59mx4,,,,,,,maedake01,18498,628317,9183,maedake01,10105
4czfbsfpyr,,,,,,,sotoju01,20123,665742,10030,sotoju01,10626
4dbc2y6pfh,,,,,,,mauriro01,23698,677595,10318,mauriro01,11351
4fz7cpcl70,,,,,,,mannima02,20369,666159,10285,mannima01,10474
4h7y1x8q5w,,,,,,,thielca01,10078,573204,8494,thielca01,9402
4hmq31cb28,,,,,,,kremede01,19350,665152,10183,kremede01,11428
4k57ymh5z0,,,,,,,ramirjo01,13510,608070,8594,ramirjo01,9507
4kgcnf792d,,,,,,,ryanjo04,21390,657746,10786,ryanjo04,11847
4le2fhhdfr,,,,,,,grayjo02,14916,592351,8653,grayjo02,9567
4lyz3jkz64,,,,,,,knackla01,27487,689017,11058,knackla01,12038
4mydlbvlmw,,,,,,,wynnsau01,15271,642851,9828,wynnsau01,11033
4n1bkmjykm,,,,,,,schuema01,24488,680474,11427,schuema01,62078
4ne6h47wn8,,,,,,,macivwi01,24641,680862,11078,,12066
4pjb28ns4d,,,,,,,duranca01,24458,679922,12391,,12465
4pmzfr4mg4,,,,,,,orzeer01,27626,679358,12121,,60286
4pszvsgjdw,,,,,,,pepiory01,26221,686752,11059,pepiory01,12036
4q4074nm7r,,,,,,,kopecmi01,17282,656629,9779,kopecmi01,10412
4qm7ecdz2m,,,,,,,herzdj01,26389,687792,11969,herzdj01,63299
4rbm0ps750,,,,,,,workmga01,27573,669398,12327,workmga01,12431
4rtlwv2150,,,,,,,lowebr01,18882,664040,10068,lowebr01,11125
4s214x2ler,,,,,,,caminju01,28163,691406,11875,caminju01,60419
4s797kkg88,,,,,,,fernaju02,18341,642759,9937,,10976
4sggbwmmb8,,,,,,,sotogr01,19677,642397,9892,sotogr01,10882
4t93xrht48,,,,,,,diazed04,14710,621242,9376,diazed04,10214
4wv3r5dcnw,,,,,,,clevimi01,12808,605182,9210,clevimi01,10296
4x21lmem98,,,,,,,fitzgry01,24622,680837,12397,,60890
4x64hjycnm,,,,,,,perkibl01,19921,663368,11719,perkibl01,11472
4xkvdjnwz8,,,,,,,rashita01,26344,688497,12448,,64065
4y2csnrk0d,,,,,,,pressry01,7005,519151,8452,pressry01,9358
4z3sfm8hg8,,,,,,,forteni01,21538,663743,11289,forteni01,12271
5148sbchem,,,,,,,mcgremi01,29869,700241,12137,mcgremi01,12549
51ds7t9zdr,,,,,,,hicksli01,29844,689414,11943,hicksli01,63648
51jw5qfys4,,,,,,,garcijh01,28142,691373,12279,,62404
52y4r95nz8,,,,,,,moniami01,19956,666160,9784,moniami01,10557
53qcwqylp0,,,,,,,sorokmi01,18383,647336,9791,sorokmi01,10423
54sm082zfd,,,,,,,myersto01,22191,668964,10345,myersto01,11547
54vyfbf9sw,,,,,,,joycebe01,31461,690829,11754,joycebe01,60218
54ykl42nk8,,,,,,,dodddy01,29928,689266,11765,dodddy01,12367
555nrdeje8,,,,,,,verlaju01,8700,434378,5420,verlaju01,7590
55h1e5nl28,,,,,,,adamsri03,19864,656180,10850,adamsri03,11997
55xpqbs1th,,,,,,,becktr01,21584,663941,10352,becktr01,11420
55z6g482g4,,,,,,,sulseco01,15256,642121,10684,sulseco01,11648
56887bvplr,,,,,,,cronide01,25645,686539,11834,,60626
569zjk2leh,,,,,,,hicklbr01,20450,676551,11477,,11570
56wqh0fkyr,,,,,,,rodgebr02,17907,663898,9781,rodgebr02,10230
572c6ry250,,,,,,,littlja02,26152,669193,12414,,65132
584erhpf38,,,,,,,graytr01,19877,656484,10952,,61782
5870vy4t98,,,,,,,strathu01,23455,676702,11857,,61942
58p4fkx89m,,,,,,,dejonpa01,18015,657557,9666,dejonpa01,10713
58z73epxj8,,,,,,,burgoju01,27271,686228,12419,,63987
5965t3n8gr,,,,,,,danieda01,27582,669721,11492,danieda01,12634
5cffnm9vpw,,,,,,,brownbe02,23590,676962,11935,brownbe02,12748
5dmpwvj910,,,,,,,darnatr01,7739,518595,8211,darnatr01,9096
5dpsrhbkl0,,,,,,,hoernni01,21479,663538,10302,hoernni01,11284
5dw550fr1d,,,,,,,meltotr01,31807,675512,12430,,60175
5etx98k1cd,,,,,,,winklja01,29830,676466,12402,,64020
5fcz8f1mcm,,,,,,,claseem01,21032,661403,10661,claseem01,11625
5g6zptx6z0,,,,,,,callal02,19296,669743,10520,callal02,12653
5gbspd7lqh,,,,,,,perezwe01,22857,672761,10434,perezwe01,11761
5hdcf798b8,,,,,,,hernahe01,24878,681715,12403,,12557
5ke51jp96d,,,,,,,agnosza01,31552,688642,12221,agnosza01,64286
5ld34vey9d,,,,,,,hornba01,27753,690544,11981,,61324
5lyswm2tph,,,,,,,heimjo01,16930,641680,10705,heimjo01,11662
5nj4fq6ydw,,,,,,,rittery01,31500,690022,12406,rittery01,60154
5p29kbwqxm,,,,,,,harribr02,29788,695391,12042,harribr02,60312
5p45h8k8z0,,,,,,,carlsdy01,20126,666185,10190,carlsdy01,10643
5rymb608s0,,,,,,,locklty01,31396,682988,12049,locklty01,60581
5td7k852zr,,,,,,,waddebr01,18347,663399,11115,,12076
5vv71zhx5r,,,,,,,marshbr02,20202,669016,10146,marshbr02,10499
5xer0ztplw,,,,,,,yoshima02,31837,807799,11629,yoshima02,12763
5xz8n1qsjm,,,,,,,mileywa01,8779,489119,8137,mileywa01,9017
5yc7bs6fg0,,,,,,,farrimi01,33628,815083,12455,,64896
5yglslg8ch,,,,,,,galleza01,19291,668678,9944,galleza01,11116
5ysnhc6tqr,,,,,,,hamilia01,19261,641656,10087,hamilia01,11142
5yv9vh04j0,,,,,,,kingbr02,25890,687911,12111,kingbr02,64014
5zdgwndcdr,,,,,,,munozro02,27407,691548,,,62062
5zkt200g6r,,,,,,,castrwi01,17338,650489,9856,castrwi01,10868
60nfk117ld,,,,,,,williga01,30122,668909,11590,williga01,12401
60qest05km,,,,,,,waltean01,33834,689958,12182,,62751
62tpq61s2m,,,,,,,okertst01,13580,595345,9290,okertst01,10109
63yjbfhcnm,,,,,,,roblevi01,18363,645302,9765,roblevi01,10227
6465n328e8,,,,,,,isbelky01,21614,664728,10408,isbelky01,11471
65ghlk0rc4,,,,,,,ucetaed01,20539,670955,11060,ucetaed01,11482
66f0vw9xfd,,,,,,,steelju01,17312,657006,10477,steelju01,11202
67hhqxr3k4,,,,,,,sauerma01,22284,669422,12007,,11355
684ebx8dl0,,,,,,,allengr01,16623,656185,9744,allengr01,10460
69d5snp8t8,,,,,,,acunajo01,26548,682668,11614,acunalu01,11878
69qhmcpt5w,,,,,,,bachala01,19222,669199,12140,,62399
69qkmlhtx4,,,,,,,haysau01,19363,669720,9763,haysau01,10826
69x6nmx89w,,,,,,,menacr01,27974,691441,11978,menacr01,60158
69yp1jj4mr,,,,,,,manaese01,15873,640455,8666,manaese01,9582
6bbnfl2s4r,,,,,,,,sa3014550,694397,12285,,60268
6c51tgheyw,,,,,,,mcdontr01,26448,686790,11986,,60389
6cdn5ye0lr,,,,,,,gordoco01,31312,676467,12069,gordoco01,60195
6cqr2cvj14,,,,,,,delcaad01,29554,680728,12144,delcaad01,12359
6ctv9rwc0h,,,,,,,cortene01,17874,641482,9934,cortene01,10970
6djdwrtbn4,,,,,,,ohopplo01,24729,681351,11075,ohopplo01,12011
6e8p1771s4,,,,,,,munozro01,25311,682610,11646,munozro01,12745
6g1b7rkfzm,,,,,,,walkery01,20423,676254,11794,walkery01,61627
6g6ht6d91m,,,,,,,sanmare01,19754,665665,11296,sanmare01,12277
6lr1094zzm,,,,,,,blalobr01,26419,687134,11966,blalobr01,63311
6n7j3ftbm4,,,,,,,millebr04,29837,682243,11636,millebr04,12540
6p7ty6edt4,,,,,,,beckjo01,31431,687597,12084,beckjo01,60147
6p9y4xwl4h,,,,,,,whiteow01,22273,669391,11601,whiteow01,11403
6qcwhks7wm,,,,,,,thompma02,21850,666168,10284,thompma02,12105
6rcxcqve6w,,,,,,,roonejo01,24590,680701,12436,,11481
6rwbmer6nh,,,,,,,dollach01,33482,801403,12209,dollach01,62975
6sbxykbmbm,,,,,,,flaheja01,17479,656427,9750,flaheja01,10592
6syz087mtm,,,,,,,navarbr01,16398,640459,10835,,11918
6t00rslfx8,,,,,,,stantmi03,4949,519317,7789,stantmi03,8634
6twhmnx0cr,,,,,,,albieoz01,16556,645277,9721,albieoz01,10237
6vzk63z4p8,,,,,,,wadela01,18126,664774,10271,wadela01,11174
6wyyxv03zh,,,,,,,burromi01,24728,681347,11619,burromi01,12519
6xh12c2p28,,,,,,,walkejo02,27475,691023,10885,walkejo02,12024
6xy5vk3tkr,,,,,,,gorskma01,25855,685301,12357,,60342
6ycdm0pkb4,,,,,,,beeksja02,17192,656222,9833,beeksja02,10850
6yhbnzmgvm,,,,,,,ferrejo01,24017,678606,11662,ferrejo01,12723
6yjpk4e3y4,,,,,,,pagesan01,24816,681624,11682,pagesan01,12148
6ywzl0v83w,,,,,,,diazyi01,29271,700270,12125,diazyi01,60566
6zshxswdn0,,,,,,,harriha01,31913,802686,12457,,63800
71dj1klrz8,,,,,,,bendean01,19742,669622,11205,bendean01,12194
71lbrypy6w,,,,,,,hatchto01,19264,641672,10782,hatchto01,10859
728epl7ej0,,,,,,,jonesja09,27863,683003,11893,jonesja09,60907
739sj0j87r,,,,,,,leech02,29574,695445,12293,,61588
74nczpdgp4,,,,,,,rodribr01,29107,699134,12405,rodribr01,64992
74tchvn81h,,,,,,,davishe01,29617,680779,11742,davishe01,12514
74ybqrzg38,,,,,,,spierca01,27685,686730,11854,spierca01,63341
7559yxw54d,,,,,,,roberni01,26226,687798,11805,,61267
75857lqzmm,,,,,,,dominja01,28080,691176,11749,dominja01,11805
75qywncw80,,,,,,,gonzawi02,26641,682790,11953,gonzawi02,12377
75s2ydq04w,,,,,,,hurtebr01,30133,676428,12141,hurtebr01,60178
770e6htjg0,,,,,,,holmegr01,16944,656550,10468,holmegr01,10549
77bz73hkz4,,,,,,,leeko01,25543,686676,11313,leeko01,11767
77em3twsg8,,,,,,,bergery01,29863,686701,12288,bergery01,60356
77m8f7gc0r,,,,,,,gordota01,27669,685299,12123,gordota01,63288
78429vr5bd,,,,,,,wilsoju10,4301,458677,8007,wilsoju10,9272
78c8sb188m,,,,,,,hernaen02,10472,571771,8835,hernaen02,9754
78ktpnhtzr,,,,,,,gillu01,21052,661563,10760,gillu01,11689
78pe00d5m8,,,,,,,poteeco01,18769,547001,11212,poteeco01,12196
7b6x2z81x4,,,,,,,palenda01,27914,694037,11821,palenda01,60121
7bc4mc5ztw,,,,,,,duranjh01,21029,661395,10239,duranjh01,11495
7c956dxbm8,,,,,,,kikucyu01,20633,579328,10438,kikucyu01,11263
7d881jmkq4,,,,,,,vasilmi01,30105,678024,11904,vasilmi01,60281
7dqy9krkrm,,,,,,,cabrege01,17490,650893,10447,cabrege01,11237
7dtrmw31j0,,,,,,,lockrbr01,21496,663604,12173,,12499
7fnbt206l4,,,,,,,mearsni01,25376,683232,10910,mearsni01,11979
7hgjdj33rd,,,,,,,vanwelo01,31884,701121,12376,,62570
7htzkqq0j8,,,,,,,camarja01,21730,665856,11989,,62189
7jl0qezb3m,,,,,,,vanbebr01,27695,687003,12408,,63947
7jw0hsywww,,,,,,,mcmahry01,15112,641857,9726,mcmahry01,10175
7k7pqy8gj8,,,,,,,wroblju01,31204,680736,12124,wroblju01,63581
7ls7tzg1tw,,,,,,,francjp01,21212,641585,11716,francjp01,12725
7m4yz1k7jr,,,,,,,festama01,19330,670036,10060,festama01,11068
7m62el8qbh,,,,,,,montech01,30206,801216,12395,,60562
7mgfm8sqcm,,,,,,,rangeal01,19524,660604,11318,,12286
7nhpde80er,,,,,,,garciyi01,12095,554340,8895,garciyi01,9815
7nrlfr2db0,,,,,,,phillco01,27649,683175,11855,phillco01,12173
7pgf3v5fm0,,,,,,,canzodo01,26438,686527,11778,canzodo01,60061
7pzmxnhs8d,,,,,,,scottta01,17586,656945,9772,scottta01,10432
7qd34sz5v0,,,,,,,turnetr01,16252,607208,9132,turnetr01,10056
7qhz26hxf0,,,,,,,frelisa01,29622,686217,11581,frelisa01,12476
7r7zdtx068,,,,,,,monasan01,19455,655316,11797,monasan01,61600
7r9sm6ge3h,,,,,,,misioja01,31623,694819,11894,misioja01,60254
7rsl8e89sr,,,,,,,amadoad01,27962,691182,11965,amadoad01,12411
7s661hv5l4,,,,,,,marteke01,13613,606466,9112,marteke01,10036
7ske3c9drm,,,,,,,churcna01,31357,701675,12444,,61887
7v4vcstgt4,,,,,,,farmeky01,14813,571657,9537,farmeky01,10775
7vykclmzer,,,,,,,walkech02,13419,572233,8924,walkech02,9846
7vzzg2sq50,,,,,,,matthbr01,33280,694728,12355,matthbr01,62798
7w3pbjwjbh,,,,,,,castabl01,26117,680604,12243,,63936
7wwtgtrp78,,,,,,,sandeca01,23479,676742,12437,,61323
7x3dgmgbcm,,,,,,,chandbu01,29868,696149,12035,chandbu01,12516
7y9ytlkvwr,,,,,,,rogerty01,15541,643511,10725,rogerty01,11644
7z7kngqj38,,,,,,,gracego01,29519,700669,11598,gracego01,60394
8045dvgwkd,,,,,,,,sa3044256,702073,,,
80m8ct4tf0,,,,,,,marseja01,31370,805300,11939,marseja01,62119
80tg07cylh,,,,,,,stewasa02,31505,701398,12453,,60129
80vlvlt3em,,,,,,,myersda01,22054,667472,11820,myersda01,62217
80vy5rgwt0,,,,,,,ortizjo06,25493,687401,11625,ortizjo06,12374
81d8nk4p1m,,,,,,,lauerer01,19316,641778,10024,lauerer01,10576
851rmvb0d4,,,,,,,snideco01,23307,676092,11389,,12334
856se54j3h,,,,,,,langesh01,25816,669127,10845,langesh01,11728
85kmplly08,,,,,,,elkoti01,31522,671284,12356,,62464
86qb7x17ch,,,,,,,milneho01,13346,571948,9589,milneho01,10736
86sb9xzhgd,,,,,,,silsech01,30074,681217,11468,silsech01,12615
872pwbd3vm,,,,,,,joeco01,16572,656582,10517,joeco01,11256
89112lvv68,,,,,,,littlbr02,21574,663893,11552,littlbr02,10861
89c0f8nxgw,,,,,,,imanash01,33829,684007,11884,imanash01,63640
89zyh56yf0,,,,,,,gassero01,29812,688107,11745,gassero01,12523
8bw2t9p8tw,,,,,,,chivian01,26790,683409,11974,,63478
8cendczsm8,,,,,,,suzukse01,30116,673548,11305,suzukse01,12588
8dl3r0kw60,,,,,,,mcneije01,15362,643446,10061,mcneije01,11118
8e48t6m0pw,,,,,,,bertijo01,12037,542932,10113,bertijo01,11169
8edcvdezjh,,,,,,,kellymi03,12791,547184,9974,kellymi03,12636
8edzj03p1w,,,,,,,hillde01,16947,656537,10714,hillde01,9866
8f84cth7mh,,,,,,,burgeja01,22275,669394,10224,burgeja01,10877
8ff5zpg1bh,,,,,,,ederja01,27590,671109,11238,ederja01,63309
8gcgr6elc4,,,,,,,edwarca01,13607,605218,9329,edwarca01,9555
8hlsefv9rw,,,,,,,encarje01,21871,666464,10839,encarje01,11783
8hrwgf3jvw,,,,,,,hiralya01,25215,682274,12399,,64789
8hx0ykpf0w,,,,,,,fauchca01,20116,676534,11395,fauchca01,12311
8j6601d64h,,,,,,,,sa3014834,689288,12265,,62061
8kgzmz3kvh,,,,,,,winnke01,23499,676775,11680,winnke01,12737
8kslrzszzd,,,,,,,ricebe01,29576,700250,11911,ricebe01,62137
8l96cl5rzw,,,,,,,andersh01,19453,641312,10333,andersh01,11098
8m210nymch,,,,,,,jamesdr01,26260,686753,11403,jamesdr01,11724
8m527e9esd,,,,,,,santaan02,14551,623993,9599,santaan02,10666
8mcg10mesd,,,,,,,martian02,26540,682657,11675,martian02,12400
8mee3c7ph8,,,,,,,schmica01,27577,669477,11743,schmica01,12544
8mk1wg68d8,,,,,,,sanchcr01,20778,650911,10770,sanchcr01,11706
8mmc733070,,,,,,,gormano01,22263,669357,10303,gormano01,11391
8px8s67450,,,,,,,parisky01,26420,677347,11090,parisky01,11776
8qzsrn94dh,,,,,,,mccauda01,20038,670766,11241,,12232
8r2k20mer4,,,,,,,curvelu01,24710,681168,12252,,62601
8scvw5b4y8,,,,,,,feltnry01,21446,663372,11282,feltnry01,12265
8vzpenp9j8,,,,,,,arrigsp01,29921,681293,12020,arrigsp01,60188
8xk82h0qed,,,,,,,stanery01,15947,592773,9519,stanery01,10606
8xrld5bmcd,,,,,,,danaca01,31508,702674,12171,danaca01,60217
8yhbqjl0t4,,,,,,,garciro04,23363,676395,11823,garciro01,60615
8yzs5nyhk0,,,,,,,rockjo01,30016,697812,12256,rockjo01,12408
8z3q9w99kw,,,,,,,biggehu01,26259,685801,12122,biggehu01,61839
8z70xbxknh,,,,,,,housebr01,29993,691781,11926,housebr01,12580
8zlgfzm6t8,,,,,,,willica02,30038,700246,12024,willica02,12556
8ztj7zg9vh,,,,,,,queroje01,sa3015407,691620,11906,queroje01,12477
8zwrejcy38,,,,,,,kniznan01,19514,668800,10135,kniznan01,11392
907ydx50yd,,,,,,,bidoos01,23150,674370,11808,bidoos01,62004
90995dbh54,,,,,,,walketa01,11836,592836,8418,walketa01,9321
91xbvfxvnw,,,,,,,dobbihu01,30240,690928,12280,dobbihu01,64811
9223m55310,,,,,,,meidrch01,31580,805367,12227,meidrch01,62504
925p630flh,,,,,,,marchra01,21646,665561,11064,,11813
925t712m1d,,,,,,,weathry01,23796,677960,10325,weathry01,11379
93lb9yepd4,,,,,,,naylobo01,21865,666310,10143,naylobo01,11296
93zxsflym4,,,,,,,nunezde01,23055,673380,11195,,11799
94ds4mmst0,,,,,,,morejad01,20039,670970,10123,morejad01,10574
94fywyv5m8,,,,,,,harriky01,27758,690986,11597,harriky01,12175
94hcj22c4d,,,,,,,petertr01,30063,671976,12441,,60421
94mpzn4c1r,,,,,,,junisja01,13619,596001,9547,junisja01,10494
94t6gbwg38,,,,,,,bregmal01,17678,608324,9415,bregmal01,10183
95zl0klr90,,,,,,,hillisa01,17954,656541,10457,hillisa01,11206
969mgsg000,,,,,,,muncyma01,13301,571970,8691,muncyma01,9606
96j14wsvdh,,,,,,,oneilty01,15711,641933,9789,oneilty01,10215
96yhv63ht8,,,,,,,bettsmo01,13611,605141,8638,bettsmo01,9552
974t8n7pqm,,,,,,,anderia01,19951,666120,10217,anderia01,10424
97z9kh57tw,,,,,,,,sa3020240,702222,12303,crawfju01,60317
98j7lj94zh,,,,,,,sandlni01,20517,680704,10930,sandlni01,11894
991ydx34nd,,,,,,,montgco01,29712,695657,11892,montgco01,12413
99qjy8hsvh,,,,,,,lordbr02,31972,695418,12369,,65104
9cdtg7r05h,,,,,,,woodrbr01,16162,605540,9678,woodrbr01,10730
9djg82n7pm,,,,,,,burnsch01,35333,695505,12193,burnsch01,64316
9fbhztx940,,,,,,,herriti01,25139,682120,11676,herriti01,12733
9fcd16zl58,,,,,,,goldspa01,9218,502671,8126,goldspa01,8967
9gq2bewwm0,,,,,,,rojasmi02,7802,500743,8807,rojasmi02,9726
9gz0es8vfd,,,,,,,roycrch01,31261,688297,12086,,63663
9h91wd7vph,,,,,,,delauch01,sa3021053,800050,11919,delauch01,60138
9hjsxnzc9w,,,,,,,carrial01,26463,692024,12426,,65995
9j2qb0zee8,,,,,,,criswje01,27608,676105,12162,,12163
9kvmecbgnd,,,,,,,santade01,17878,642701,9917,santade01,10901
9lcp8s3rkw,,,,,,,sousabe01,21345,656986,10903,,12045
9mm1ns13jr,,,,,,,adcocty01,25651,686654,11807,,62451
9p9hbq1hrr,,,,,,,loperjo01,29630,694388,11952,loperjo01,63561
9ph0nfhl60,,,,,,,churcma01,26353,687847,11993,churcma01,60438
9q2tnvfyvd,,,,,,,leonsa01,5273,506702,8285,leonsa01,9180
9refvm9dtw,,,,,,,parkemi01,27636,680730,11970,parkemi01,12585
9sc7mz3w3m,,,,,,,happia01,17919,664023,9655,happia01,10440
9sxmc0xvtm,,,,,,,murraja01,26482,681151,11758,murraja01,60187
9vs6y16wsw,,,,,,,chaveje01,5448,445926,6704,chaveje01,8334
9vve1j1b1m,,,,,,,freelky01,16256,607536,8941,freelky01,9863
9w1syb9g3d,,,,,,,hoeinbr01,26304,663773,11541,hoeinbr01,12677
9w8ncvdhfr,,,,,,,cobbal01,6562,502171,8058,cobbal01,8918
9wcdevd4fm,,,,,,,manguja01,26202,663968,12067,manguja01,60623
9wfhd3en9h,,,,,,,meadcu01,23986,678554,11606,meadcu01,12558
9wxb1wn8p0,,,,,,,diazya02,23003,673237,11559,diazya02,12435
9x738rjhq8,,,,,,,iglesjo01,10231,578428,7867,iglesjo01,8848
9xbrlkg4d0,,,,,,,earlyco01,33666,813349,12459,,63143
9xenfjqht0,,,,,,,patrich01,30113,694477,12259,patrich01,61749
9xldj4m4sm,,,,,,,bledajj01,26368,668709,10838,bledajj01,11782
9y8e89cwmd,,,,,,,shortza01,19562,670097,10776,shortza01,11438
9yxhj2nv9d,,,,,,,millesh01,10197,571946,7683,millesh01,8871
9yz52w35tm,,,,,,,guilllu01,16451,641645,9870,guilllu01,10920
9zqmktw5j4,,,,,,,bakerbr01,19804,641329,10853,bakerbr01,11998
b024zr7kdd,,,,,,,netoza01,31347,687263,11741,netoza01,60214
b0k8lt7et4,,,,,,,merrija01,29490,701538,11891,merrija01,12522
b1knwecp3h,,,,,,,rojasjo01,19734,668942,10670,rojasjo01,11623
b2nj4y96xw,,,,,,,madrini01,20521,663611,10297,madrini01,11306
b3gztf5mgw,,,,,,,wardta01,17548,621493,10076,wardta01,10496
b3rmlh58f8,,,,,,,muncyma02,29779,691777,12301,muncyma02,12501
b4bhgbrfnh,,,,,,,rockeku01,31843,677958,12183,rockeku01,60427
b4l4e4gjrw,,,,,,,durbica01,29646,702332,12204,durbica01,61788
b71pppg7zm,,,,,,,nardian01,25942,677053,11536,nardian01,12673
b73pm7sjj8,,,,,,,loaisjo01,19753,642528,9897,loaisjo01,11044
b771j61k04,,,,,,,mateojo01,17273,622761,9524,mateojo01,10239
b8n9bdv3vh,,,,,,,arenano01,9777,571448,8223,arenano01,9105
b8rf7n012w,,,,,,,hiurake01,20003,669374,10264,hiurake01,10912
b8rvwfmfn4,,,,,,,contrwi01,11609,575929,9263,contrwi01,10166
b910rz0r9d,,,,,,,biebesh01,19427,669456,10038,biebesh01,10867
b9esnl5mp4,,,,,,,aguiaju01,30031,687924,11959,,63548
b9lmxmsxwr,,,,,,,scottta02,13652,605463,10631,,11593
b9x5jmq0v8,,,,,,,larnatr01,21501,663616,10350,larnatr01,11347
bbn6kz68ld,,,,,,,bowdebe01,20198,641386,10741,,11450
bbq66s1gjh,,,,,,,perezma02,6902,527048,7791,perezma02,8652
bc0neq02vw,,,,,,,stridsp01,27498,675911,11300,stridsp01,12281
bc33d2fh0h,,,,,,,rosareg01,19964,666703,11367,rosareg01,12306
bc5kx5vmz0,,,,,,,baeji01,23818,678225,10013,baeji01,11818
bd7zxc9qx8,,,,,,,chapmma01,16505,656305,9683,chapmma01,10205
bdk3lgr5er,,,,,,,alonspe01,19251,624413,10312,alonspe01,10918
bed2g8p09m,,,,,,,hernani01,19281,663321,11866,,61280
bejzjzh8wd,,,,,,,vazquch01,9774,543877,8843,vazquch01,9762
bfk3jy46z4,,,,,,,adamsjo03,23788,677941,10252,,11324
bhe2ftz4bd,,,,,,,garciri01,20023,670329,10678,,11453
bhyr7dwtdw,,,,,,,,sa3017639,680397,12420,,65387
bjg594he40,,,,,,,,sa3015433,691893,12267,,60327
bkp37pzj60,,,,,,,rodriel02,20962,660730,10393,,12291
bkqgxtmpp0,,,,,,,brashma01,25756,666374,11297,brashma01,12278
bkyxbjehq4,,,,,,,raqueni01,20333,675919,12458,,11561
blqpyfwwyr,,,,,,,ibanean01,18819,628451,10979,ibanean01,10607
bmjejqcnph,,,,,,,bivensp01,30226,702352,12106,,62256
bnvk9tv9jr,,,,,,,rendoan01,12861,543685,8225,rendoan01,9106
bnwdhh11nm,,,,,,,martico02,19884,656686,10170,martico02,11316
bp2s6zdbv4,,,,,,,holmagr01,30002,680880,12158,,12506
bpbh7qwgk8,,,,,,,burneco01,19361,669203,9800,burneco01,10910
bpx93ltjhw,,,,,,,fuentdi01,30661,800311,12415,fuentdi01,62487
bqf0lhhnjr,,,,,,,altuvjo01,5417,514888,8116,altuvjo01,8996
bqpk6wnx7m,,,,,,,teodobr01,29524,669326,12178,,61559
br864lsvrw,,,,,,,ragsdca01,27508,685068,12282,,64815
brt3mhm03w,,,,,,,sosale01,22896,672820,11501,sosale01,12420
brxhzsnrnd,,,,,,,gagema01,17381,657424,11488,,12631
bsfecj7edh,,,,,,,junkja01,23301,676083,11280,junkja01,12263
bvjp7t1j6d,,,,,,,housead01,12718,605288,9175,housead01,10098
bvr9zw8j0w,,,,,,,mecklwa01,31490,685133,11842,mecklwa01,61844
bw57gy1z54,,,,,,,delosen01,18403,660853,10058,delosen01,11064
bwnt5b7v8r,,,,,,,bridejo01,24703,681146,11339,bridejo01,12319
bwr35zkzjr,,,,,,,berrijo01,14168,621244,8951,berrijo01,9872
bxjhnkw10w,,,,,,,bautife01,20666,642585,11379,bautife01,12346
bytw5fggvr,,,,,,,marquge01,15038,608566,9295,marquge01,10402
bz051klqww,,,,,,,hortoca01,31872,690990,11886,hortoca01,60118
c121jwen0m,,,,,,,bassobr01,25582,669620,11972,bassobr01,63477
c1cn85g8yh,,,,,,,dubinsh01,24977,681869,11002,,11902
c2776evqc8,,,,,,,peralfr01,18679,642547,9915,peralfr01,11014
c3092czjwr,,,,,,,higasky01,5517,543309,9470,higasky01,10678
c3hmgf0sx0,,,,,,,mcfartj01,3237,519008,8445,mcfartj01,9350
c3lywqx8kd,,,,,,,bibeeta01,30134,676440,11595,bibeeta01,60137
c4qlwdxbs8,,,,,,,gillico01,26171,687362,12142,,63927
c6lppvs7h4,,,,,,,rogertr01,22286,669432,10351,rogertr01,10909
c7bbej8wn8,,,,,,,skenepa01,33677,694973,11885,skenepa01,62972
c7gx3bvbv0,,,,,,,swansda01,18314,621020,9432,swansda01,10234
c7xsbf7n0d,,,,,,,booseca01,16061,592155,12080,,61577
c7ynjc2qs0,,,,,,,pegueli01,24273,678894,11096,pegueli01,11883
c8ygk92gxd,,,,,,,burdini01,16074,595897,8952,burdini01,9873
c9y235lgmh,,,,,,,pasquvi01,27676,686469,11415,pasquvi01,12449
cbekwzgngm,,,,,,,zulueyo01,27765,691172,11687,,12743
cbq1bw89b4,,,,,,,miranjo01,20538,669304,10253,miranjo01,11496
ccc2ejm25m,,,,,,,palacjo01,19818,641943,10852,palacjo01,11999
cck2przy8r,,,,,,,contrro01,22810,672710,10426,contrro01,11804
cd3mvs1ggw,,,,,,,birdja01,21267,656234,11493,birdja01,12635
cdl92wptgm,,,,,,,marinro01,23488,676760,11392,marinro01,12332
cdzskwf8kr,,,,,,,mccusca01,33098,676812,12398,,63083
chfj0z3jfr,,,,,,,acunaro01,18401,660670,9775,acunaro01,10646
cjvw7m9qsh,,,,,,,degroja01,10954,594798,8784,degroja01,9701
cjy8hrn1jw,,,,,,,garrere01,16866,657585,10511,garrere01,11255
cle93hflt8,,,,,,,westbjo01,27815,676059,11610,westbjo01,12122
clvncrw08w,,,,,,,hoffman01,29633,694851,12401,,60204
cmzm30k2gr,,,,,,,osunaal02,27915,696030,12300,osunaal02,60436
cnytr461lw,,,,,,,murphse01,19352,669221,10327,murphse01,10929
cpdqehceer,,,,,,,blossja01,33168,814005,12109,blossja01,62903
cprefyqry4,,,,,,,stallja01,13723,607732,9384,stallja01,10318
cqzngg1dnd,,,,,,,vivasjo01,23917,678391,11398,vivasjo01,12341
csmt11v0r4,,,,,,,melenmj01,22197,669004,10293,melenmj01,10891
ct6t0kdkqw,,,,,,,wrighky01,19665,657140,10093,wrighky01,10847
ct9yg460sd,,,,,,,mullice01,17929,656775,10072,mullice01,10849
ctc6rvcj8m,,,,,,,leahyky01,24763,681517,11822,,61601
cw9rj8t68w,,,,,,,andujmi01,15878,609280,9523,andujmi01,10544
cx29dlq8wr,,,,,,,misiean01,18152,664948,10875,,11990
cyy7nhrbeh,,,,,,,pegueel01,21652,665625,11267,,12254
cz4fy6eep8,,,,,,,lukesna01,18123,664770,11637,lukesna01,12714
czg7mjstd4,,,,,,,stonega01,27792,694813,11587,stonega01,60231
czqqhvsynd,,,,,,,darnedu01,27812,699911,12433,,61935
czxb7f115h,,,,,,,rodriya01,33838,684320,11916,rodriya01,63645
d06cfleqt8,,,,,,,,sa3014677,691384,11984,,60114
d07kjz9vgd,,,,,,,laurera01,17128,657656,9919,laurera01,11124
d09lgnwdlw,,,,,,,harpebr03,11579,547180,7885,harpebr03,8875
d1bg7r482w,,,,,,,rouppla01,30076,694738,11634,rouppla01,60650
d1rkvrxwsh,,,,,,,berropr01,22932,672860,11635,berropr01,12709
d3wdfp1bp8,,,,,,,pallaan01,26108,669467,11442,pallaan01,12591
d41yf2cdpr,,,,,,,whitlfo01,19586,666215,9817,whitlfo01,10479
d430hn5480,,,,,,,hendrky01,12049,543294,8841,hendrky01,9758
d4b4g91n1w,,,,,,,peredjh01,19802,640902,11066,,11437
d4r5tcmfq4,,,,,,,johnsbr03,20002,669369,11526,johnsbr03,12664
d5s7c0gd3m,,,,,,,reynobr01,19326,668804,10153,reynobr01,10577
d5v76sfd10,,,,,,,banueda01,23250,675915,12079,,61673
d5x9wp1yz0,,,,,,,lopezot01,19608,672640,10422,lopezot01,12100
d9hxwfw448,,,,,,,boltoco01,23265,675989,10908,,11819
d9lp80jenm,,,,,,,wilsost02,20353,621051,11369,wilsost02,12307
d9v8ycssfr,,,,,,,gustory01,26440,687473,12187,gustory01,63918
dc15t7939w,,,,,,,wellsau01,27562,669224,11599,wellsau01,12161
dc3txvxmv4,,,,,,,ramosbr01,25621,682868,11658,ramosbr01,12417
dcj0f9zvew,,,,,,,suganto01,35321,608372,11148,suganto01,64895
dcqfpp300m,,,,,,,edwarxa01,22266,669364,10365,edwarxa01,11375
dcvecl3tmd,,,,,,,hillja01,30250,677955,12048,hillja01,12407
dcvkf0lem8,,,,,,,sianimi01,22557,672279,10292,sianimi01,11293
ddtk845fnh,,,,,,,donovbr01,24679,680977,11357,donovbr01,12351
degdnbg9z8,,,,,,,crochga01,27463,676979,10900,crochga01,12046
dfnzp1zvl8,,,,,,,stewabr01,16727,592779,9392,stewabr01,10325
dfxryvgh5w,,,,,,,camerno01,30184,702070,12201,camerno01,60211
dg600jqyrh,,,,,,,wentzjo01,19962,666214,10246,wentzjo01,10426
dg6m1xfrjm,,,,,,,willitr01,16977,592866,9457,willitr01,10144
djcgbpyvwd,,,,,,,briesbe01,26079,689225,11429,briesbe01,12604
djdr216wz4,,,,,,,dunnol01,26295,686554,12036,dunnol01,62212
dk5t0lbvxm,,,,,,,rodrijo10,22530,671286,10247,rodrijo01,61828
dk7q8nv6wh,,,,,,,wicksjo01,30094,696136,11847,wicksjo01,12384
dlk1ynj8sm,,,,,,,sheehem01,29839,686218,11811,sheehem01,60238
dlq2b6qkpw,,,,,,,sanojja01,28253,691594,12177,sanojja01,62194
dmdy1cy2gw,,,,,,,matoslu02,26467,682641,11678,matoslu01,11871
dmvqex34f4,,,,,,,moranjo01,20422,663558,11287,moranjo01,12269
dn1cp0xdkd,,,,,,,allenlo02,27589,671106,11412,allenlo02,60139
dn3w4c2t98,,,,,,,lorenmi01,14843,547179,9028,lorenmi01,9949
dnhzf6yr6w,,,,,,,senzaan01,15488,622608,9297,senzaan01,10176
dp6kpk45hh,,,,,,,casastr01,22514,671213,10355,casastr01,11279
dppwkh3jzw,,,,,,,sullibr01,18217,664954,10951,sullibr01,12063
dpx21wdkgr,,,,,,,kaiseco01,21535,663731,11813,,62227
dre64szhnd,,,,,,,haderjo01,14212,623352,9492,haderjo01,10131
dryg1z7c34,,,,,,,canoye01,25911,666974,11467,canoye01,12614
ds7qq77kyr,,,,,,,darviyu01,13074,506433,8210,darviyu01,9095
dt22hn7ts4,,,,,,,hanifbr01,22304,669724,11873,,11427
dtd2khfrh4,,,,,,,greenhu01,22182,668881,10216,greenhu01,10862
dtsjt0j2f8,,,,,,,saalfan01,26203,685314,11856,,61757
dv1kj6r0dh,,,,,,,cavalca01,27473,676917,10971,cavalca01,12007
dv58edyj88,,,,,,,leiteja01,30146,683004,11327,leiteja01,12561
dvxz2wnttr,,,,,,,wagamer01,23395,676572,12181,wagamer01,62183
dww2lrb110,,,,,,,gibauia01,17871,664139,10484,,11091
dxr2v5b0nd,,,,,,,sengako01,31838,673540,11182,sengako01,12776
dxvlk7lb44,,,,,,,meylu01,25620,682825,12286,,64812
dxwn2k4mt4,,,,,,,diazya01,16578,650490,9639,diazya01,10465
dy3pw4b0sm,,,,,,,julksco01,20311,667452,11604,julksco01,60199
dz7v37m92r,,,,,,,meadopa01,23800,678009,10307,meadopa01,11310
e1kqp3hy7h,,,,,,,davisno01,25862,663562,11347,,12321
e34kxtx4xr,,,,,,,tongjo01,32157,804636,12344,tongjo01,64978
e4qy052bpm,,,,,,,rushida01,31382,687221,12190,rushida01,60232
e545xts7n0,,,,,,,,sa3007495,682445,12240,,61938
e6hvm5xjdd,,,,,,,nodary01,23312,676116,10322,nodary01,12765
e6w3h5k5nh,,,,,,,taverle01,18900,665750,10274,taverle01,10608
e6wz4kp5zm,,,,,,,mcderch01,29866,694646,11909,mcderch01,12438
e7f7pb7lv0,,,,,,,camerda01,18353,663662,10182,camerda01,10481
e867w9bxtr,,,,,,,millema03,31757,695243,11787,millema03,12505
e99j1wh62h,,,,,,,noeljh01,24257,678877,11382,noeljh01,12313
ecc7m4d9m0,,,,,,,rossjo01,12972,605452,9065,rossjo01,9987
ecnwh2k5em,,,,,,,pocheco01,19403,621363,10502,pocheco01,11548
ed5y4hrdbr,,,,,,,ceasedy01,18525,656302,10191,ceasedy01,10438
edhby3t54h,,,,,,,vestwi01,19769,676684,11186,vestwi01,12110
eecck70khr,,,,,,,brazohu01,6107,623211,11519,brazohu01,12658
eefzf38cy0,,,,,,,thomarh01,31793,689041,12390,thomarh01,62192
eehg1s2v1d,,,,,,,murphto04,13499,608596,8657,murphto04,9570
ef1ltv3nb4,,,,,,,keplema01,12144,596146,9172,keplema01,10095
efvpynkftr,,,,,,,finneky01,15009,640448,10792,finneky01,11709
eg6mz5d1f4,,,,,,,sweentr01,29575,700242,12155,sweentr01,12494
ehhk108kkr,,,,,,,mclaima01,29695,680574,11613,mclaima01,12390
ehpg9kze6h,,,,,,,bichebo01,19612,666182,9820,bichebo01,10766
ehs6g1yh3w,,,,,,,holtoty01,26231,663947,11459,holtoty01,12606
ek9fmljfpd,,,,,,,borucry01,16350,621366,9960,borucry01,10958
elz52gpv5d,,,,,,,thomala02,16939,657041,10446,thomala02,11238
emg73xlk0m,,,,,,,realmjt01,11739,592663,8800,realmjt01,9718
emr2qltbj0,,,,,,,barnhtu01,10200,571466,8747,barnhtu01,9664
enlpzq68tw,,,,,,,armstsh01,12857,542888,9123,armstsh01,10047
ep8b0wvy5m,,,,,,,mountry01,18373,663624,9977,mountry01,10429
epkv8hmfem,,,,,,,hillri01,4806,448179,5831,hillri01,7578
epn5x4h8j8,,,,,,,schunaa01,25524,668845,11079,,11758
eq4qj8gx3w,,,,,,,brubajt01,17578,664141,10476,brubajt01,11227
eq6mg1tp00,,,,,,,urshegi01,10681,570482,9069,urshegi01,9991
er8x183ztr,,,,,,,morallu01,32227,806960,12434,,63613
erej4rbyv4,,,,,,,teodoem01,sa3015158,693713,11945,teodoem01,60433
ev3t7bglvr,,,,,,,strahma01,13799,621381,9205,strahma01,10355
ev718lw96h,,,,,,,moorech03,34979,695681,12194,moorech03,64361
evg547wslr,,,,,,,viladry01,22165,668723,10324,viladry01,10875
evvm4j88yw,,,,,,,soderty01,27467,691016,11071,soderty01,12005
exhrkqwy38,,,,,,,thaisma01,19318,642136,10286,thaisma01,10497
eyqqfrkbg4,,,,,,,jacksal02,17276,656577,8963,jacksal02,9885
eyzwkfztcm,,,,,,,sanchal04,18551,645305,10752,,11676
ezqebp96d0,,,,,,,gilbedr01,31545,687551,11955,gilbedr01,60183
f0qfbzshjr,,,,,,,topaju01,15145,623437,11126,topaju01,12067
f13mk75dj8,,,,,,,kurtzni01,35110,701762,12222,kurtzni01,64313
f22cd935p0,,,,,,,pearsna01,20160,663878,10295,pearsna01,10960
f2lwprp9mh,,,,,,,civalaa01,19479,650644,10640,civalaa01,10869
f3j0jjt2rw,,,,,,,kolekst01,21487,663568,12009,kolekst01,60645
f47m78kmmd,,,,,,,mayzati01,15042,641835,9339,mayzati01,10787
f4kgvg1bfr,,,,,,,janseda01,16535,643376,9795,janseda01,10959
f521cjy84h,,,,,,,handlma01,26106,668974,12388,,60901
f536t9vjq4,,,,,,,gomezyo01,22872,672782,11157,,11806
f78jq1vqg8,,,,,,,warreau01,24937,681810,11246,,12237
f7d3t26p2m,,,,,,,moretda01,21101,664294,11294,moretda01,12274
f8wh4p8mg4,,,,,,,fraleja01,19260,641584,10225,fraleja01,11568
f8zxgqbzs4,,,,,,,trammta01,19960,666211,10339,trammta01,10866
fbgjrgd6lh,,,,,,,thompza02,25918,668868,10898,thompza02,11840
fcj7t91fs0,,,,,,,helslry01,18138,664854,10321,helslry01,10946
fcse1d3wx4,,,,,,,belljo02,13145,605137,8962,belljo02,9883
fddpp1sx2h,,,,,,,couloda01,13293,543056,8921,couloda01,9844
fe68bgw044,,,,,,,,sa3009716,682785,12326,,63533
fefp8g1fhd,,,,,,,garcilu03,6984,472610,8542,garcilu03,9455
feg5lm8bbd,,,,,,,salech01,10603,519242,7887,salech01,8780
fg24z3lzzm,,,,,,,garcijo02,23378,676480,10825,garcijo02,11291
fgsqc8g6p0,,,,,,,amayaja01,23296,676070,10398,amayaja01,11777
fh3wl3fd34,,,,,,,thompry02,16647,657044,10960,thompry01,11889
fh7pkx4wxr,,,,,,,littllu01,28036,681432,11858,,60126
fj4xv3d9sh,,,,,,,perdoge01,22799,672695,10397,perdoge01,11417
fll5nwp37h,,,,,,,jungja01,31437,690291,11929,jungja01,60170
flre4wn3vr,,,,,,,fletcdo01,26149,666150,11026,fletcdo01,11970
fltvqr6n8h,,,,,,,schlica01,32095,693645,12361,,64985
fpkcqtnnyr,,,,,,,festada01,30056,701581,11902,festada01,60269
fq8y2revy8,,,,,,,selbyco01,24986,681882,11669,,12757
fqb6h1sdbh,,,,,,,kellyca02,13620,608348,9452,kellyca02,10395
fr4d588e20,,,,,,,harvehu01,15507,640451,8633,harvehu01,9547
frcyhvvbgd,,,,,,,dovalca01,21992,666808,11105,dovalca01,11536
fs24mvl950,,,,,,,wagueja01,18318,621097,10495,wagueja01,11248
fsv3t6tq7m,,,,,,,lawlajo01,29976,691783,11439,lawlajo01,12355
fw8spljj6w,,,,,,,lugoma01,25980,683090,12270,lugoma01,11737
fwb7kbrq08,,,,,,,langfwy01,33333,694671,11881,langfwy01,62973
fx7zd1yet4,,,,,,,delacbr01,19600,650559,11247,delacbr01,12236
fz57ktyqw0,,,,,,,karroky01,33252,691720,12439,,62831
fz9xfw51m8,,,,,,,rodrira02,23974,678495,11393,rodrira02,12305
fzhd45mcy4,,,,,,,vaughan01,26197,683734,10788,vaughan01,11866
fzkgsedtqd,,,,,,,sandsco01,21461,663485,11364,sandsco01,12156
g08znks580,,,,,,,hernada03,20271,678226,11832,,63278
g0crklgvxr,,,,,,,deverra01,17350,646240,9708,deverra01,10235
g0f0x1zdhd,,,,,,,fulmeca01,18311,608334,9404,fulmeca01,10168
g0k5zdkg68,,,,,,,naylojo01,18839,647304,10255,naylojo01,10572
g0xszc9swr,,,,,,,alvarna01,31765,805373,12129,alvarna01,62057
g153xrl8mm,,,,,,,simpsch01,31912,802415,12212,simpsch01,60420
g1552tqjcd,,,,,,,lovelri01,19337,663992,10525,lovelri01,10889
g294zrx1f0,,,,,,,,sa3015213,692030,11994,,63483
g2ghj8y6hr,,,,,,,nimmobr01,12927,607043,8955,nimmobr01,9876
g2z9xhq8b4,,,,,,,,sa3019969,682987,12047,jonessp01,60294
g3k38cde4d,,,,,,,brownmc01,30004,685326,12447,,66363
g3mn2frv74,,,,,,,,sa3017385,680743,12268,,12360
g4dsrgslqr,,,,,,,maxweza01,31610,687209,12206,maxweza01,63552
g4e687dg24,,,,,,,dominse01,19249,622554,9838,dominse01,11011
g4ee6qj0pm,,,,,,,cruzom01,23875,678316,12289,,62625
g4w6pq621m,,,,,,,troutmi01,10155,545361,7689,troutmi01,8861
g59f1ds8kr,,,,,,,johnstr02,26143,687859,11905,johnstr02,60622
g603x2ybf8,,,,,,,hurtuja01,27599,674441,11917,hurtuja01,63480
g64b07yz64,,,,,,,brownse01,18171,664913,10677,brownse01,11643
g6hrhnhb2h,,,,,,,granian01,29542,701552,12410,,60410
g6v1r9l00m,,,,,,,lipsctr01,31567,702358,12068,lipsctr01,60457
g75fe6l95w,,,,,,,garcima01,22715,672580,11387,garcima01,12336
g7r1dsw9d0,,,,,,,grichra01,10243,545341,8773,grichra01,9689
g8vcz82m34,,,,,,,mccorch01,19599,676801,10007,mccorch01,11912
gbj5bbrx04,,,,,,,hjellse01,21481,663546,10791,hjellse01,11387
gdldc2pp58,,,,,,,alexaja01,19666,669920,10574,alexaja01,12628
gdr9el2h1r,,,,,,,brighje01,16631,656257,10092,brighje01,11152
ge2rv5hmdw,,,,,,,suwinja01,22244,669261,11377,suwinja01,12342
geyn5lc9nm,,,,,,,frassni01,sa3014492,693308,11931,frassni01,60235
gfejqt3qy0,,,,,,,bubickr01,21455,663460,10933,bubickr01,11319
gff7r7clm4,,,,,,,bogaexa01,12161,593428,8417,bogaexa01,9319
ggb895c8ch,,,,,,,campbkr01,33644,692225,12195,campbkr01,63128
gh3lz5pcdd,,,,,,,woobr01,30279,693433,11800,woobr01,60584
ghlr2wtwt0,,,,,,,meansjo01,16269,607644,10112,meansjo01,11168
ghlz6gz0f8,,,,,,,uriaslu01,16622,649966,9922,uriaslu01,10570
gjw88gkes8,,,,,,,avilalu02,24452,679883,12277,,63567
gk0nvg0548,,,,,,,hendelo01,31475,701656,12238,hendelo01,60262
gkp74lk1w4,,,,,,,prietce01,30163,693409,12451,,60507
gkt83w3vtd,,,,,,,vodnivi01,24614,680767,11861,vodnivi01,12368
gmtkphfnf0,,,,,,,smithdo02,15653,642086,8679,smithdo02,9595
gmy0e5fq34,,,,,,,taylotr01,31883,700187,12147,,62602
gn53y4j15w,,,,,,,julieed01,27534,666397,11592,julieed01,12729
gp3rmkjyvw,,,,,,,criswco01,24975,681867,11270,criswco01,12256
gphl3gmkfr,,,,,,,alexasc02,10591,518397,9149,alexasc02,10072
gq0m105y2r,,,,,,,torkesp01,27465,679529,10831,torkesp01,11914
gqc2nv91nw,,,,,,,alvarel01,21662,665660,12340,,60180
gqcmj338y8,,,,,,,heinety01,13897,623168,10691,heinety01,11652
gqkqwzygmm,,,,,,,schmicl01,19899,657376,10165,schmicl01,10926
grkdd9tcvh,,,,,,,peralsa01,25589,671111,11790,,60514
gv4wm27ech,,,,,,,monteke01,22630,672456,11961,monteke01,63428
gvvybve3s8,,,,,,,pomerdr01,11426,519141,8189,pomerdr01,9068
gwdt5y1w68,,,,,,,cleavga01,17897,664076,10769,cleavga01,11704
gwjngmh5cd,,,,,,,lindofr01,12916,596019,8226,lindofr01,9116
gx716bkt14,,,,,,,dubonma01,16530,643289,9802,dubonma01,10524
gxp1xr5nlw,,,,,,,pereiev01,23695,677592,10197,pereiev01,11508
gyg7cx1zp8,,,,,,,seymoca01,30084,693313,12283,,60392
gzg4fwh5r8,,,,,,,vazqulu01,23442,676679,11964,vazqulu01,61911
h0ws4vgm4w,,,,,,,roberet01,24930,681799,11361,,12327
h1mw96sp4h,,,,,,,weissgr01,20375,669711,10585,weissgr01,12685
h1yz56lxwh,,,,,,,javiecr01,17606,664299,10717,javiecr01,11315
h2pxhtsyl0,,,,,,,misneka01,26374,670224,12139,misneka01,11784
h37zjyr4bm,,,,,,,caissow01,27496,683357,12050,caissow01,12127
h3smyr786d,,,,,,,kellemi03,17594,656605,9799,kellemi01,10565
h47tkyh4g4,,,,,,,anderti01,15172,641313,8976,anderti01,9897
h4bdmw05pm,,,,,,,kirkal01,22581,672386,10851,kirkal01,11853
h5nx8cjevd,,,,,,,langeal01,19883,656638,11062,langeal01,10860
h6fhz35kjr,,,,,,,mazurad01,31900,800049,12100,mazurad01,60347
h729ghgg28,,,,,,,castrmi01,15684,612434,8982,castrmi01,9903
h76dh35kf8,,,,,,,kingmi01,19853,650633,10289,kingmi01,11661
h79v3km08r,,,,,,,beavedy01,31695,687637,12226,beavedy01,60091
h8qhlz4jfd,,,,,,,strowka01,26191,669704,12273,,60896
h8xtqwprth,,,,,,,harrimi04,25931,671739,11065,harrimi04,12056
hb02pnb578,,,,,,,cousija01,21620,664776,11224,cousija01,12211
hc8w4lhq38,,,,,,,waltodo01,19314,622268,10697,,11658
hct6szcrjh,,,,,,,clemeko01,20572,665019,11342,clemeko01,11309
hdd75rv8y4,,,,,,,adelljo01,20220,666176,10241,adelljo01,10893
hdkdq74nc4,,,,,,,morgael01,20203,669212,10928,morgael01,11447
hds3x2t8dh,,,,,,,crimbl01,25714,688760,12034,,61593
hfy3r72etd,,,,,,,bellico01,15998,641355,9649,bellico01,10504
hhb387pqew,,,,,,,kennebu01,22505,671083,10382,kennebu01,12641
hk8n5xyl40,,,,,,,pagespe02,25782,686780,10880,pagespe02,61613
hl5m1mvpg0,,,,,,,riverse01,21735,665861,10931,,11938
hl5rkgnrjm,,,,,,,woodja03,29518,695578,11750,woodja03,12521
hl83z0s4rm,,,,,,,brownhu01,25880,686613,11435,brownhu01,12141
hlddw4h49m,,,,,,,obrieri01,20348,676617,11162,,11846
hlrzp553r4,,,,,,,morenga01,22664,672515,11117,morenga01,11855
hls4kgqnnw,,,,,,,bruihju01,23779,677865,11258,,12247
hn53gv9fkw,,,,,,,bellova01,23899,678368,12117,bellova01,64300
hnlj0vep38,,,,,,,mckinza01,19392,656716,9993,mckinza01,11700
hnz9g8yepw,,,,,,,torrelu01,15905,620443,9600,torrelu01,10669
hp7sqbt09m,,,,,,,tatedi01,17796,622253,10459,tatedi01,10221
hpg61g2sxw,,,,,,,chafian01,12988,605177,8863,chafian01,9782
hq0z56n47r,,,,,,,kavadni01,29782,694359,12157,kavadni01,60112
hq2132fl5d,,,,,,,neelyja01,30106,680891,12160,,62326
hq4p5eebk4,,,,,,,alvarfr01,26121,682626,11118,alvarfr01,11349
hr6kwzpep8,,,,,,,jimenjo02,15761,641729,9644,jimenjo02,10468
hr6rkggeew,,,,,,,kayfucj01,33704,692216,12435,,62758
hr9r4x7em0,,,,,,,,sa3004153,675448,11960,,12088
hrgyj9n34r,,,,,,,salazce01,21587,663967,11781,,61796
hrjphg738h,,,,,,,fitzgty01,26208,666149,11874,fitzgty01,61346
hrkydlw6vm,,,,,,,stefami01,25353,683021,11419,stefami01,12649
ht305ednd8,,,,,,,haggesa01,18054,664059,10683,haggesa01,11647
htwx7zbk5h,,,,,,,mervima01,27845,670223,11582,mervima01,12777
hty7g3vhnd,,,,,,,hurtky01,27514,669165,11867,hurtky01,60237
hw0ztwkztr,,,,,,,basalsa01,28824,694212,12039,basalsa01,60092
hwc5l3g8pd,,,,,,,yohocr01,33248,684974,12225,yohocr01,63247
hwdh5dd5e8,,,,,,,rivasle01,21009,660844,12081,rivasle01,11326
hwe8pkny5m,,,,,,,mccanja02,12859,543510,8897,mccanja01,9818
hx3tjfdrw4,,,,,,,rafaece01,24262,678882,11628,rafaece01,12730
hxchk95r8m,,,,,,,lucasea01,26058,687922,11859,lucasea01,61880
hy6wh177hd,,,,,,,cantijo01,23335,676282,10401,cantijo01,11823
hy9qbcgpr4,,,,,,,seaboco01,19695,657756,11023,seaboco01,11518
j03tjl3vvm,,,,,,,vasqura02,24719,681190,11677,vasqura02,12500
j055yvch74,,,,,,,iglesra01,17130,628452,8981,iglesra01,9902
j0xfv52pjr,,,,,,,edmanto01,19470,669242,10569,edmanto01,11596
j1v4kw6et4,,,,,,,wesneha01,27581,669713,11411,wesneha01,12497
j2j4k56zf4,,,,,,,suareal01,6175,544150,9358,suareal01,10285
j3bbd7ylnd,,,,,,,baddoak01,22168,668731,10124,baddoak01,10913
j44z5pfmp4,,,,,,,schneda04,25180,682177,12098,schneda04,61948
j6s6lgxwjw,,,,,,,barnema02,31741,686930,12349,,60207
j7cxp7lv5d,,,,,,,yastrmi01,14854,573262,10626,yastrmi01,10119
j7d3hd37j0,,,,,,,gerbejo01,24591,680702,10827,,11569
j8pge0psjr,,,,,,,nunezna01,25979,683083,12010,nunezna01,11785
j93slxmwh0,,,,,,,hernaca04,22713,672578,10156,hernaca04,11470
j966n3e86w,,,,,,,mcclash01,21483,663556,10332,mcclash01,11398
jb1rzel998,,,,,,,santito01,19926,663574,10347,santito01,10864
jbmmwkd3mh,,,,,,,seageco01,13624,608369,8668,seageco01,9584
jcyrf4ky5h,,,,,,,jankotr01,13768,608671,9125,jankotr01,10050
jd127wklsm,,,,,,,ruizke01,19610,660688,10263,ruizke01,10899
jd2l4eh3y8,,,,,,,mayoco01,28312,691723,11889,mayoco01,12372
jd5lhtnvk4,,,,,,,tayloch03,13757,621035,8852,tayloch03,9771
jdem8bllx4,,,,,,,matzety01,10058,554431,7675,matzety01,9730
jdf9qjtq4w,,,,,,,gonsoto01,19388,664062,10346,gonsoto01,11331
jg3jgtdvhh,,,,,,,eiserbr01,27668,685126,12108,,60711
jgs228kt9w,,,,,,,waldrhu01,33527,694462,11887,waldrhu01,62958
jhg3jtkd2r,,,,,,,whitlga01,20191,676477,11190,whitlga01,11358
jhzfsrgjjm,,,,,,,hudsobr01,19924,663542,11812,hudsobr01,10444
jjgbb46fjh,,,,,,,kwanst01,24610,680757,11315,kwanst01,12314
jjhy663y0m,,,,,,,outmaja01,24770,681546,11399,outmaja01,12339
jkbxf9053m,,,,,,,suerowa01,15855,593833,9832,suerowa01,11007
jktn3mgxvw,,,,,,,liberma01,22294,669461,10287,liberma01,11397
jm8tp2rlpr,,,,,,,,sa3018178,680916,12032,,61927
jpw0ntvyjw,,,,,,,boushca01,19736,676961,11880,,61737
jpz6kqm20d,,,,,,,hassero02,27482,690987,11046,hassero01,11984
jq28yhncf4,,,,,,,garcilu04,20391,671277,10279,garcilu04,10964
jrdjj3jtxm,,,,,,,jonesja08,18872,663330,10223,jonesja08,10498
jrtn34mcz8,,,,,,,wadety01,15730,642180,9697,wadety01,10203
jsk06fv3mh,,,,,,,soriajo02,22100,667755,11187,soriajo02,11327
jt4p0bp0pd,,,,,,,lopezre01,16400,625643,9410,lopezre01,10152
jtwd90017w,,,,,,,cruzfe01,7048,518585,11557,cruzfe01,12690
jvk04x5t5w,,,,,,,gipsosa01,26048,687830,11863,gipsosa01,62054
jvkyzbm488,,,,,,,butlela01,22542,671732,11649,butlela01,12719
jwmrzb414m,,,,,,,englema01,22288,669438,11726,englema01,11551
jxvly3gjqh,,,,,,,vargail01,13324,545121,9562,vargail01,10752
jynr4fq7rw,,,,,,,perkija01,31468,678022,12345,,62461
jzxfskxexm,,,,,,,freemty01,22532,671289,10356,freemty01,11754
k0kzm1sfgm,,,,,,,kellebr01,15734,641745,9936,kellebr01,10418
k0rgcgce90,,,,,,,rodriju01,23697,677594,10260,rodriju01,11384
k0x9x9ysjh,,,,,,,adamstr01,30180,701519,12284,,64814
k19gded898,,,,,,,schrejo01,20020,670167,9986,schrejo01,11634
k2tg2qkgf4,,,,,,,saggeth01,27883,695336,11895,saggeth01,60431
k2y9l8tcjh,,,,,,,britoju02,sa3009808,682877,11773,britoju02,12734
k2zysdk4bw,,,,,,,carraca01,6632,471911,7183,carraca01,8185
k386070qyh,,,,,,,detmere01,27468,672282,10915,detmere01,11926
k52mtptpc4,,,,,,,ariasga01,22563,672356,10200,ariasga01,11524
k5b053nxzw,,,,,,,estesjo01,26257,683155,11871,estesjo01,12362
k5v50066y8,,,,,,,rortvbe01,20287,666163,11158,rortvbe01,10533
k5zl0c3qhw,,,,,,,avansdr01,25183,682183,12366,avansdr01,61269
k87j0bd4fh,,,,,,,bensowi01,21853,666181,10362,bensowi01,10464
k939h8jrr0,,,,,,,winckjo01,22387,670174,11363,winckjo01,12329
k9dkfxvmqr,,,,,,,searsjp01,23429,676664,11401,searsjp01,12333
k9kx9nmqsh,,,,,,,cannigr01,19867,656288,10209,cannigr01,10894
kbc8cdh8lr,,,,,,,buxtoby01,14161,621439,8674,buxtoby01,9590
ke2tdpjqzm,,,,,,,sengeha01,21489,663584,12372,,61258
ke36lydqwh,,,,,,,wilsowi03,25434,669717,11104,,11833
kec2qybvl0,,,,,,,gonzaos01,20970,660757,10306,gonzaos01,12621
kefx6t3w48,,,,,,,batybr01,26123,683146,11123,batybr01,11796
kegg0fde08,,,,,,,marshal01,27451,679525,11144,marshal01,12446
kem1z5c7rh,,,,,,,falteba01,20070,663559,11171,falteba01,12104
ker9yjrev4,,,,,,,fermifr01,21840,666023,11514,fermifr01,12013
kf95df704w,,,,,,,ferguca01,19349,657571,10041,ferguca01,11036
kfyskwybq4,,,,,,,yarbrry01,16502,642232,9807,yarbrry01,10147
khmkjd9slm,,,,,,,tylerky01,22092,667725,11271,tylerky01,12259
khyykgd7ww,,,,,,,kimbrcr01,6655,518886,7760,kimbrcr01,8622
kkg3zvk9b4,,,,,,,elderbr01,27779,693821,11307,elderbr01,12120
kkqe6fzq1m,,,,,,,sanchga02,11442,596142,8212,sanchga02,9097
kktrehtqgr,,,,,,,ceccosl01,27500,677944,11836,ceccosl01,12118
klcvrnkfcd,,,,,,,sabolbl01,25805,666165,11728,sabolbl01,12767
km0bybrfv4,,,,,,,smithaj01,29960,700363,11774,smithaj01,12366
knf574k1p8,,,,,,,barlosc01,14993,605130,9923,barlosc01,10998
kpxj3t03wh,,,,,,,mattsis01,20385,676755,10604,,12034
kq4p58yp0w,,,,,,,hentgsa01,18548,656529,10326,hentgsa01,11204
kq86ywwysr,,,,,,,lawde01,13133,571882,9289,lawde01,10269
kqcc9w37b4,,,,,,,fryda01,24934,681807,11789,fryda01,61262
kr189w8tsw,,,,,,,otanemi01,22533,671305,12102,otanemi01,61285
kr950ehhn8,,,,,,,morelch01,21897,666624,11154,morelch01,11743
krtbb96b24,,,,,,,espinda02,sa3011495,682982,10926,espinda02,11753
ktdvn46c7h,,,,,,,carpeke01,25961,681481,11530,carpeke01,12667
ktj01ver4d,,,,,,,crawfku01,20531,676710,11283,crawfku01,11431
ktmmxe3jt0,,,,,,,,sa3017917,681320,12318,,61769
ktnd4sx1lm,,,,,,,phamth01,2967,502054,8919,phamth01,9842
kvrx5zerrd,,,,,,,fulfobr01,29704,690924,12378,,60687
kwn2040c40,,,,,,,martini02,12005,605361,10039,martini02,11038
kwn5n1l9y8,,,,,,,ballemo01,28820,694208,12217,ballemo01,60120
kwqp8ch7wh,,,,,,,massemi02,27684,686681,11516,massemi02,12657
kyg9t5fgbr,,,,,,,coningr01,21626,665052,10210,coningr01,11555
kyw2p4ms50,,,,,,,fishebr02,24609,680755,12394,,11479
kzdcxzczcm,,,,,,,harrito03,31989,802419,12207,harrith01,60337
l0jy1lyrqd,,,,,,,lawerco01,26429,689520,12460,,61806
l17x6wb560,,,,,,,musgrjo01,12970,605397,9248,musgrjo01,10185
l1qmddf794,,,,,,,lileda01,29995,695734,12364,,12582
l1wdwyn0t0,,,,,,,garzaju01,19784,621057,11228,,12217
l2hvnkt1s8,,,,,,,rodried05,13164,593958,8632,rodried05,9546
l41bvk2v7w,,,,,,,hendrli01,3548,521230,8170,hendrli01,9057
l4hjmsybp8,,,,,,,candeje01,13621,600869,9264,candeje01,10328
l51w2xw8qw,,,,,,,gilbety01,17964,656457,10819,gilbety01,12242
l5b60v8r74,,,,,,,simslu01,13470,608371,8630,simslu01,9544
l6r0c2znqr,,,,,,,effrosc01,18384,664123,11273,effrosc01,12258
l784yv4w84,,,,,,,woodssi01,24494,680573,10335,woodssi01,11503
l7ydc6e1cw,,,,,,,milleow01,24655,680911,10423,milleow01,11824
l8g1dzgbnw,,,,,,,anderni01,18337,623433,10474,anderni01,11113
l8mcc9b1qm,,,,,,,willibr02,25463,682227,10877,willibr02,11829
l8nbpw4jew,,,,,,,luzarje01,19959,666200,10235,luzarje01,10627
l9dhvwk660,,,,,,,latzja01,21306,656641,11266,,12086
l9mp9nhvkd,,,,,,,vierlma01,21558,663837,11223,vierlma01,12210
lb206j2khh,,,,,,,marteno01,26517,682622,10419,marteno01,11529
lbxyxp2h58,,,,,,,salazed01,23135,674285,11795,salazed01,62861
lc15p9yx14,,,,,,,kimha01,27506,673490,11147,kimha01,12116
lc2c1qq11d,,,,,,,judgeaa01,15640,592450,8956,judgeaa01,9877
lcs4xn65cw,,,,,,,newcose01,16943,656794,8947,newcose01,9868
lemtkrvsvr,,,,,,,ramiryo01,19444,670990,10796,ramiryo01,11713
lemv3k277d,,,,,,,payamjo01,14332,606303,10496,payamjo01,11193
lesbfq6zgm,,,,,,,shawma01,33322,807713,11921,shawma01,62984
lfyd5s13t0,,,,,,,bowlajo01,24607,680742,11388,,11769
lgb5t716hw,,,,,,,portelo01,20626,682515,11865,portelo01,61636
lhy8zjhbs0,,,,,,,wallach01,17161,595453,9740,wallach01,10799
lkn160jx5h,,,,,,,youngbr01,27819,687064,12223,youngbr01,64813
ll06syz1bh,,,,,,,peterda01,20302,656849,10181,peterda01,10921
ll3xrgemt4,,,,,,,fordha01,29958,695670,11937,fordha01,12532
ll5fls7g44,,,,,,,lopezja04,25098,682052,11841,lopezja03,62642
ll7w2svpmh,,,,,,,tinocje01,16300,622786,9845,tinocje01,11082
llddjbb0c4,,,,,,,hoffmje02,17432,656546,8975,hoffmje02,9896
lm3b0mx0nd,,,,,,,bernawa01,26536,682653,11651,,12721
lre5xsr3mr,,,,,,,feyerjo01,16610,656420,10751,feyerjo01,11702
lrnkwz3g5w,,,,,,,alfarjo01,12180,595751,8715,alfarjo01,9631
lrx12ts880,,,,,,,bradiky01,24586,680694,11099,bradiky01,12345
ls3mj81jz4,,,,,,,henried01,26944,683618,12186,,60239
lt83nchnw4,,,,,,,heuerco01,23293,676051,10901,heuerco01,11959
ltkvytd5yd,,,,,,,rogerta01,13449,573124,9225,rogerta01,10133
ltwbeqbtkr,,,,,,,crowape01,27769,691718,11864,crowape01,12157
lvcdhle6b8,,,,,,,bakerlu01,21497,663609,11803,bakerlu01,11390
lvrll1c684,,,,,,,rutleja01,26215,671131,10977,rutleja01,11863
lwpf8ynxqd,,,,,,,keithco01,27899,690993,11825,keithco01,12430
lxw46qkz2m,,,,,,,clasejo01,26599,682729,11656,clasejo01,60000
lyrrn3fd38,,,,,,,uriasra01,18795,602104,10445,uriasra01,11239
lzzthyjph8,,,,,,,suterbr01,13942,608718,9436,suterbr01,10370
m0ck7nwjg4,,,,,,,webbja01,19274,657097,10442,webbja01,11195
m0kxlqnqth,,,,,,,jimenle01,23782,677870,11354,jimenle01,11558
m1d3rtnmz0,,,,,,,bradlta01,22543,671737,11588,bradlta01,12554
m1qtje6cj0,,,,,,,barneau01,12158,605131,9049,barneau01,9971
m1v8w8mlzh,,,,,,,holmecl01,13649,605280,9555,holmecl01,10569
m1wcxnmxjm,,,,,,,lopezjo02,14527,605347,9173,lopezjo02,10096
m2exjeqcy4,,,,,,,treinbl01,12572,595014,8756,treinbl01,9672
m2zfrkrlqr,,,,,,,clemeer01,20352,676391,10925,clemeer01,11892
m3h9r7fmr4,,,,,,,romanjo03,16122,605447,10518,romanjo03,11253
m3v6hyk1k0,,,,,,,nidoto01,13755,621512,9499,nidoto01,10829
m4lrttk5d4,,,,,,,yelicch01,11477,592885,7903,yelicch01,9320
m4mpjjlv98,,,,,,,nolaaa01,16149,605400,8961,nolaaa01,9882
m51947d5y8,,,,,,,brooktr01,19384,670092,12095,brooktr01,61616
m54zly10rm,,,,,,,garcibr02,33568,805299,12429,,64030
m5lxx8nn64,,,,,,,renfrhu01,15464,592669,8968,renfrhu01,9889
m6btwlx46m,,,,,,,siskev01,24995,681895,12239,,60569
m6nm0n0zyw,,,,,,,helmami01,24605,680737,10608,,60276
m7t494bs3d,,,,,,,burkebr01,17968,656271,10483,burkebr01,11241
m9cp932gqh,,,,,,,medinlu02,21649,665622,10280,medinlu02,11354
m9dcywnyrm,,,,,,,englitr01,26148,663536,12424,,61859
mdx9n2mv08,,,,,,,varshda01,19918,662139,10180,varshda01,10843
mekbydqmfw,,,,,,,refsnro01,13770,608701,8929,refsnro01,9851
mepd7l2b1w,,,,,,,sosaed01,17022,624641,9557,sosaed01,10594
mevlmvzy5m,,,,,,,slateau01,16153,596103,9669,slateau01,10719
mg7nkwnsp4,,,,,,,doylebr02,25479,686668,11653,doylebr02,12136
mgdj24jztr,,,,,,,tengka01,24282,678906,11988,,63484
mgyrwrt5br,,,,,,,kellyme01,11156,518876,10506,kellyme01,11251
mh83p87zld,,,,,,,blancda02,19779,680118,11474,blancda02,12619
mjl228q9jd,,,,,,,webblo01,17995,657277,10480,webblo01,11235
mjnvvngmtm,,,,,,,jacqujo01,25178,682175,11806,,61871
mkb1mh7878,,,,,,,coronke01,26244,685744,11995,,61684
mkcnspn9h8,,,,,,,oberba01,21224,641927,11159,oberba01,12096
mkcr4xfdyr,,,,,,,pukaj01,19343,640462,9792,pukaj01,10548
mkz3jr8j88,,,,,,,davidlo01,25844,669722,10858,,11810
mlpf13z6g4,,,,,,,kirbyge01,25436,669923,10874,kirbyge01,11826
mmyzf9y6e8,,,,,,,seymoia01,27932,693855,11420,seymoia01,60418
mn0mngq5h0,,,,,,,castijo03,17169,620454,9911,castijo03,11032
mnk5sxl050,,,,,,,sirijo01,17452,642350,9907,sirijo01,10865
mnljmcpjy8,,,,,,,willide03,15816,642207,10665,willide03,11628
mr0xcnlkym,,,,,,,ohlpi01,30179,701487,12432,,65272
mryh64qwx4,,,,,,,alcanke01,25971,682634,10406,alcanke01,11802
msx71d7e8m,,,,,,,cabreos01,21707,665828,11391,cabreos01,12331
mszhv1nvth,,,,,,,anthoro01,31812,701350,11948,anthoro01,60108
mt51fk88t4,,,,,,,penaje02,21636,665161,11309,penaje01,11768
mt6fcs2xv0,,,,,,,abelmi01,27756,690953,11632,abelmi01,12166
mwyjsxpjqd,,,,,,,trivilo01,15043,642152,9885,trivilo01,10997
mxllee20h0,,,,,,,gorema01,22201,669022,9973,gorema01,10940
mxrpsp3fph,,,,,,,alvaran01,29914,674841,12454,,63960
mxs2fflyg8,,,,,,,herrejo04,17040,645444,11321,herrejo04,12292
mxvbdfhr04,,,,,,,rosaram01,15518,642708,9500,rosaram01,10233
mxyhdlyz0w,,,,,,,mcleano01,33703,690997,12443,mcleano01,62935
mydvrp54mr,,,,,,,richaly01,24581,680689,11143,richaly01,11444
myghj16v6r,,,,,,,guzmade01,28816,694203,12462,,12454
mz04w003kh,,,,,,,johnspi01,13435,572955,8645,johnspi01,9559
mzlsxqxlz4,,,,,,,scherma01,3137,453286,6837,scherma01,8193
mznyw2vkm8,,,,,,,bailepa01,27478,672275,11102,bailepa01,12054
n047zx56gw,,,,,,,altavda01,16507,656186,9440,altavda01,10378
n07tkf7g10,,,,,,,narvaca01,19722,665966,12012,narvaca01,60536
n0dl84h06h,,,,,,,ogasash01,35324,829272,12224,ogasash01,65108
n0hhcyek0r,,,,,,,jenseca01,29478,695600,12456,,12451
n15xjcvvmr,,,,,,,leclejo01,14524,600917,9239,leclejo01,10336
n1k5x0snm4,,,,,,,baderha01,18030,664056,9710,baderha01,10591
n1xyrsmz2m,,,,,,,desclan01,13050,543101,8786,desclan01,9703
n2pgdkklxm,,,,,,,willilu01,19931,663897,11017,willilu01,12207
n49r8t805d,,,,,,,nastrni01,29833,680897,11900,nastrni01,60233
n4bgm3y58m,,,,,,,,sa3014461,690984,12275,,12404
n4p7pn0prr,,,,,,,brasiry01,5615,518489,8481,brasiry01,9388
n57f3htvtd,,,,,,,veenza01,27770,691728,11331,veenza01,12133
n5w4wsqyvw,,,,,,,tidwebl01,31701,694918,12392,tidwebl01,60280
n74xvsg06r,,,,,,,chapaan01,21797,665953,11780,chapaan01,61382
n75epejnew,,,,,,,hartky01,19646,606996,10759,hartky01,11684
n7n57hvnlm,,,,,,,smithpa04,19892,656976,10309,smithpa04,10842
n8d3smnrj0,,,,,,,pfaadbr01,27782,694297,11586,pfaadbr01,60056
n95ymqdq2m,,,,,,,foscuju01,27501,679822,11770,foscuju01,12080
nbnqnmdn7h,,,,,,,santogr01,21894,666619,11166,santogr01,11537
nbyy6ydrs0,,,,,,,buehlwa01,19374,621111,9764,buehlwa01,10509
nc2ywrpvsw,,,,,,,kineris01,16512,643396,9863,kineris01,10992
nc9m76pl3m,,,,,,,paredis01,20036,670623,10218,paredis01,10881
nceemqljww,,,,,,,freemfr01,5361,518692,7793,freemfr01,8658
nd0e97l7gd,,,,,,,brennwi02,25660,686823,11578,brennwi02,12703
nd4j0zm7m8,,,,,,,hummeco01,19458,669450,11332,hummeco01,12348
ne5bf71l18,,,,,,,milleer01,26252,669062,11987,milleer01,11815
nevvkl475w,,,,,,,kowarja01,21549,663804,10222,kowarja01,11320
nkp3hft3dw,,,,,,,roberda11,21229,642016,11433,,61590
nkqgwnp0wr,,,,,,,estevca01,14542,608032,9294,estevca01,10274
nkx2ejreqh,,,,,,,lugose01,12447,607625,9312,lugose01,10326
nl690wwwbw,,,,,,,,sa3014535,690978,11757,,12150
nlbz695b84,,,,,,,freelal01,31665,690976,12231,freelal01,62354
nlp0ddpbqd,,,,,,,wiemejo01,27690,686894,11406,wiemejo01,12589
nmmmvsc8m4,,,,,,,dreyeja01,30249,676263,12296,dreyeja01,62262
nmxxb4sdpd,,,,,,,spencmi01,27707,687765,12002,spencmi01,61384
nnfe21j10h,,,,,,,thomaal01,23792,677950,10126,thomaal01,11267
nph8ql4n0r,,,,,,,luciama01,25616,682617,10415,luciama01,11388
npxcq4qv3r,,,,,,,degeubr01,23592,676969,11072,degeubr01,12032
nqh6jhwzxw,,,,,,,grishtr01,18564,663757,10658,grishtr01,10522
nrdrnyhtx4,,,,,,,poulipj01,23394,676571,12423,,62678
nt7wqcw50r,,,,,,,lowejo01,19953,666139,10254,lowejo01,10601
nvzxjzbhlr,,,,,,,campulu01,22217,669134,11043,campulu01,11527
nw61lv5hd4,,,,,,,blackpa01,14739,621112,9578,blackpa01,10756
nwm8ckfedm,,,,,,,winanal01,21238,642216,11829,winanal01,61632
nxfq9hzfbm,,,,,,,kossch01,27653,683766,12370,,60111
nxl2zdyx50,,,,,,,ramirag01,26546,682663,11985,ramirag01,61818
nz21gwvw3w,,,,,,,hindsre01,27493,677956,11113,hindsre01,11748
nz6becgepd,,,,,,,faircst01,20321,656413,10963,faircst01,11289
nzz6h8mv90,,,,,,,waldike01,27681,686610,11422,waldike01,12495
p0v5xd8qdr,,,,,,,gurrilo01,19238,666971,9475,gourrlo01,10616
p1m7kldmcr,,,,,,,perallu01,24203,678821,12163,,64787
p2dbycs0sw,,,,,,,bellobr01,23920,678394,11362,bellobr01,12330
p2knbj95gd,,,,,,,waltebr01,26056,687888,11608,waltebr01,12378
p3m0zebjsw,,,,,,,dingldi01,27464,693307,10920,dingldi01,11928
p40y9cnj2m,,,,,,,winnco01,22113,668390,10167,winnco01,11404
p4y1zfv91r,,,,,,,wheelza01,10310,554430,8235,wheelza01,9124
p56vtymyj8,,,,,,,ozunama01,10324,542303,8478,ozunama01,9385
p5glmrbbg4,,,,,,,bassich01,12304,605135,8879,bassich01,9799
p6cy0rtegh,,,,,,,leeju01,33824,808982,11903,leeju01,63494
p7eqnn120m,,,,,,,blackma01,30171,696131,11888,blackma01,60647
p7fjr8z8vr,,,,,,,matsuyu01,33826,673513,11928,matsuyu01,63515
p7s9h4sb6w,,,,,,,trevijo01,16725,624431,9862,trevijo01,11045
p7thkhev88,,,,,,,gausmke01,14107,592332,8427,gausmke01,9334
p7vexf8j64,,,,,,,lawreca01,11121,596271,9643,lawreca01,10677
p894hpp6c4,,,,,,,callity01,27497,682997,11142,,11747
p8fcx1d9g4,,,,,,,ruizjo01,14552,614179,9543,ruizjo01,10767
p8jldm4mhh,,,,,,,,sa3005478,677578,10157,,11493
p8xj72z5vh,,,,,,,mejiaju01,23237,675848,11975,,63479
p9epprqrn4,,,,,,,feduchu01,23372,676439,11779,,61268
p9f6wxmcth,,,,,,,yepezju01,18400,660766,11302,yepezju01,12283
pdk1b1bqth,,,,,,,flexech01,13896,623167,9502,flexech01,10769
pdy7g1pej8,,,,,,,hernada04,26224,687231,11920,hernada04,60638
pf9b67ye34,,,,,,,,sa3016584,692013,12287,,64816
pg20jkj5ch,,,,,,,henryco01,27570,669371,11423,,12182
pgx3zt8ykm,,,,,,,palisja01,31598,669449,12416,,63999
pgyl33bqx0,,,,,,,taylosa04,22274,669392,11640,taylosa01,12575
phc2e77c7d,,,,,,,uribeab01,25327,682842,11664,uribeab01,12746
pjf3yjtf64,,,,,,,wittbo02,25764,677951,10932,wittbo02,11771
pkyjbg0bmm,,,,,,,shentau01,25425,668853,10869,shentau01,11994
pkzcf2k7eh,,,,,,,alvaryo01,19556,670541,10367,alvaryo01,10883
pl257qjkg0,,,,,,,quijajo01,19200,650671,10465,quijajo01,11217
plnmljkcjh,,,,,,,coleza01,31583,805904,12461,,62421
pmr920kpqw,,,,,,,montgma01,29770,682254,11621,montgma01,60412
pnbqvzj9zw,,,,,,,alvarjo03,17780,621237,9515,alvarjo03,10692
pp5vxxcrbr,,,,,,,fermijo02,33908,820862,12386,,65071
ppspvvys3r,,,,,,,blubaaj01,31764,805123,12389,blubaaj01,63868
pq5j23nxyd,,,,,,,foleyja01,19531,671345,11127,foleyja01,12204
pqkjxtl6mm,,,,,,,blackty01,29949,672012,11890,blackty01,12478
pr2r5vzrqm,,,,,,,ohtansh01,19755,660271,9810,ohtansh01,10835
psd38jm638,,,,,,,rodrima01,20794,655889,10778,rodrima01,11699
psfyv7mrmr,,,,,,,wilsoja05,33266,805779,12127,wilsoja05,62976
psmhqyvns8,,,,,,,laosa01,21922,666659,12384,,63895
psxn489fe4,,,,,,,ruizes01,21780,665923,10193,ruizes01,11378
pvbszcz9g8,,,,,,,mcguire01,15674,624512,8699,mcguire01,9615
pvgeqb05e0,,,,,,,roach02,27662,685005,11992,,12129
pw4sbcynl4,,,,,,,feddeer01,17425,607200,9719,feddeer01,10229
pwrkg93mpw,,,,,,,luxga01,19955,666158,10203,luxga01,10511
px9bpr5z44,,,,,,,bakerda02,29912,671117,12174,,61820
py6gk7wz4h,,,,,,,hagenju01,21546,663795,12255,,61744
pyfxmgpcq8,,,,,,,tawati01,29571,694374,12250,tawati01,60064
pyhd7c8218,,,,,,,boydma01,15440,571510,9087,boydma01,10011
pynsy55pkw,,,,,,,whiseca01,31676,687931,11956,whiseca01,60381
pz3pjfg91r,,,,,,,raleybr01,10061,548384,8363,raleybr01,9262
pzxp7swn1r,,,,,,,leebr02,31595,686797,11740,leebr02,60266
q0y1w8nkw4,,,,,,,bauerja01,15194,641343,9788,bauerja01,10600
q1563m03mr,,,,,,,amayami01,21693,665804,10290,amayami01,11075
q1djl3rcbw,,,,,,,romerjo01,19574,668941,10528,romerjo01,10931
q1nn7wwjxh,,,,,,,murdono01,27908,668716,12315,,12448
q5ejyyvekw,,,,,,,bryankr01,15429,592178,8644,bryankr01,9558
q5knkk216h,,,,,,,confomi01,16376,624424,8954,confomi01,9875
q5x396c1kw,,,,,,,scholje01,19205,669947,11784,,60630
q61vhqk4zm,,,,,,,raleylu01,19354,670042,10764,raleylu01,11348
q62ne8ktf4,,,,,,,murphch01,26214,669684,11710,murphch01,12376
q77plhe2td,,,,,,,newmake01,17696,621028,10078,newmake01,10564
q7t1jr9mq0,,,,,,,suarero01,30115,663158,11407,suarero01,12354
q7x0q4jqg8,,,,,,,hernate01,13066,606192,9428,hernate01,10366
q8hlbnksmm,,,,,,,wilesna01,25474,686249,12385,,63721
q8xmt7ee0m,,,,,,,allarko01,18694,663465,9790,allarko01,10422
q9521qe6fr,,,,,,,hahnje01,13287,534910,8803,hahnje01,9721
q9pq2qsyxm,,,,,,,francbo01,20548,670102,11130,francbo01,12085
qbftkmzfj0,,,,,,,matthze01,31827,805673,12148,matthze01,63601
qc5gs3y5dr,,,,,,,ashcrgr01,27552,668933,11417,ashcrgr01,12392
qcs9tjzhkm,,,,,,,wilsobr02,19990,669060,10082,wilsobr02,10846
qcxb7jtf24,,,,,,,smithjo11,26396,669701,11441,smithjo11,12562
qdbjwszv34,,,,,,,cookbi01,29573,695257,12180,cookbi01,62430
qdhdpz20qd,,,,,,,nolaau01,15941,543592,9504,nolaau01,11599
qgtts42snm,,,,,,,stevech02,29614,677060,12093,,62197
qj8x9ke8nw,,,,,,,kerkeor01,31776,689147,11876,kerkeor01,60329
qkq6ml8c1m,,,,,,,machama01,11493,592518,7891,machama01,9111
qkxwwlncj0,,,,,,,triolja01,25807,669707,11668,triolja01,12758
qm48vewwzh,,,,,,,yorkeni01,27504,694377,11145,yorkeni01,12123
qmcteey278,,,,,,,brantro01,10655,542963,8369,brantro01,9265
qpjtx9jxe0,,,,,,,manoaal01,26410,666201,10854,manoaal01,11854
qq3bcfq948,,,,,,,rolisry01,22200,669020,10323,,11301
qqdfc9elj8,,,,,,,,sa3018117,694331,12294,,60179
qqmnssb8bm,,,,,,,colliis01,25477,686555,12179,colliis01,61866
qqvxjt44n0,,,,,,,stottbr01,26294,681082,11086,stottbr01,11817
qr62twjc2d,,,,,,,vargaca01,22915,672841,10158,,12093
qr7vfznrhr,,,,,,,abbotan01,29911,671096,11802,abbotan01,12395
qrhp3f9tyw,,,,,,,skubata01,22267,669373,10711,skubata01,11763
qsddwgvrsm,,,,,,,zeferry01,25420,666171,12164,zeferry01,61375
qt4b70wfzm,,,,,,,basabos01,23985,678545,11691,basabos01,12738
qtqbkdclz4,,,,,,,steersp01,26323,668715,11556,steersp01,12688
qwexd7091d,,,,,,,kochaja01,27688,686799,11967,kochaja01,11774
qx315nnb8d,,,,,,,gibsoky01,10123,502043,8026,gibsoky01,8864
qz278pd9bh,,,,,,,grayso01,12768,543243,8546,grayso01,9459
qzb3pj78f4,,,,,,,semiema01,12533,543760,8602,semiema01,9517
r0k8yb38xw,,,,,,,jacksje02,22239,669236,10234,,11325
r16fl66vyd,,,,,,,chishja01,20454,665862,10231,chishja01,10839
r1ssj2367w,,,,,,,arciaor01,13185,606115,8950,arciaor01,9871
r2lxcj1d78,,,,,,,clarkde02,29858,672016,12241,clarkde02,12504
r3we79jt0w,,,,,,,valdeen01,21716,665839,11626,valdeen01,12711
r5qf9b4ch4,,,,,,,roberwi02,25467,683770,12409,,61943
r615784ler,,,,,,,hendegu01,26289,683002,11108,hendegu01,11731
r6mm18d1rm,,,,,,,shewmbr01,25817,669699,10848,shewmbr01,11729
r6yy5dgt6m,,,,,,,campbis01,25551,663462,10871,,11825
r7zd3dkgym,,,,,,,reyespa01,16357,622569,10098,reyespa01,11153
r8bj7lfsgh,,,,,,,stoweky01,26151,669065,11414,stoweky01,11733
r8ee5y7w68,,,,,,,sandrja01,25158,682144,12412,,63714
r8q3t44xzw,,,,,,,meyerma01,27474,676974,10832,meyerma01,12015
r9p13hzbkw,,,,,,,haaseer01,14111,606992,9831,haaseer01,11077
r9ygrfp4k0,,,,,,,capravi01,25040,681962,11460,capravi01,12607
r9z6fpypf8,,,,,,,tellero01,15679,642133,9880,tellero01,10620
rczxkq2kzw,,,,,,,rodenal01,31564,702176,12210,rodenal01,60467
rd7xqsm3gr,,,,,,,ramoshe02,22515,671218,10213,ramoshe01,10944
rdwswldhkw,,,,,,,mooredy01,18042,664238,10444,mooredy01,11172
redhqhzt0r,,,,,,,jobeja01,30203,695549,11897,jobeja01,12422
rfj3dnzy08,,,,,,,garciad02,19287,666969,9964,garciad02,11127
rfl25845e8,,,,,,,allenni02,22277,669397,10857,allenni02,11359
rg0yw6jtsd,,,,,,,loutory01,29521,702795,12090,,60407
rgybjsx3n8,,,,,,,tolbety01,25779,686475,12374,,61637
rh5nq1f89d,,,,,,,sborzjo01,18323,622250,10487,sborzjo01,11214
rj18fb3jp0,,,,,,,irvinja01,21504,663623,10976,irvinja01,11560
rjcjn7jlt4,,,,,,,thomaco03,31855,687515,12199,thomaco03,60311
rk3ewvzc5w,,,,,,,youngda02,18439,664849,10015,,12609
rmqx02kh0h,,,,,,,friedma01,13743,608331,8704,friedma01,9620
rnt2htk9f4,,,,,,,smithdr01,17755,622098,10047,smithdr01,11050
rnt4bk9tq0,,,,,,,lazarma01,23426,676661,12146,,63454
rps8gshx90,,,,,,,pinaro01,23091,673820,12413,,12459
rqhj9d5cem,,,,,,,hedgeau01,12976,595978,8431,hedgeau01,9336
rsb5jj8yv4,,,,,,,johnsse01,26020,686751,11141,,11844
rsq51dk9sw,,,,,,,oviedjo01,22487,670912,10892,oviedjo01,11838
rssqmxw6pd,,,,,,,alcansa01,18684,645261,9754,alcansa01,10597
rt2xnr6kj4,,,,,,,mailelu01,13355,571912,9143,mailelu01,10068
rt71d68yf8,,,,,,,contrlu01,25839,664351,12105,,61854
rvbv82056d,,,,,,,arraelu01,18568,650333,10481,arraelu01,11221
ry58vpbpm8,,,,,,,garabge01,19835,642520,12092,,64463
ryexgvc6h8,,,,,,,jeffery01,24618,680777,10946,jeffery01,11794
rzc5l2strh,,,,,,,speiega01,17170,642100,10688,speiega01,11653
rzrz4zgykr,,,,,,,severlu01,15890,622663,8958,severlu01,9879
s0zpdbgl6m,,,,,,,ariaslu01,23811,678215,12245,,61273
s3n0jzl4br,,,,,,,gibsoca01,31815,806188,12382,,61279
s3s8zspnew,,,,,,,tarnofr01,23324,676206,11335,tarnofr01,11424
s3tx9ee770,,,,,,,baezja01,12979,595879,8643,baezja01,9557
s4h64n1nz8,,,,,,,seiglan01,23802,678011,10136,,11356
s57qqmxl0w,,,,,,,martini01,12730,607259,8748,martini01,9651
s5efwrg41w,,,,,,,machivi01,17684,605353,10802,machivi01,11716
s624zhmwc0,,,,,,,janseke01,3096,445276,7931,janseke01,8758
s6c7f2z5er,,,,,,,,sa3015446,692414,11991,,63481
s6fjsmd344,,,,,,,molinan01,26952,683627,12003,,60035
s6lm39htnd,,,,,,,warrewi01,30182,701542,11898,warrewi01,60295
s8nhhe2t1d,,,,,,,cabaljo01,23401,676609,11786,cabaljo01,60776
s9t7l9ngh8,,,,,,,hoffmno01,23381,676510,11775,,61336
sb8cee8thh,,,,,,,snellbl01,13543,605483,9328,snellbl01,10148
sbtctz9r9d,,,,,,,norbyco01,29592,681393,11603,norbyco01,12370
sc9gd99vkm,,,,,,,matonph01,18064,664208,9677,matonph01,10729
scp39vxnfr,,,,,,,actonga01,27583,670183,11759,actonga01,61900
sdpdcq9hn4,,,,,,,hampsga01,19262,641658,9983,hampsga01,10873
sfgeckkdgr,,,,,,,giolilu01,15474,608337,8724,giolilu01,9640
sfh16ljyxr,,,,,,,mikolmi01,9803,571945,9819,mikolmi01,9173
sfzm35svdr,,,,,,,delosye01,21420,660787,11476,delosye01,12620
shpt3nvvld,,,,,,,povicca01,30055,700249,11924,povicca01,60658
sj139t1dn8,,,,,,,teelky01,33549,691019,11901,teelky01,62979
sjey1nz9r0,,,,,,,kahnlto01,11384,592454,8736,kahnlto01,9653
sjphbq4mqr,,,,,,,jonesgr02,25448,675659,11692,,11845
sjxeeswjlw,,,,,,,wiselbr01,27735,689172,11768,wiselbr01,12735
skknr6r6nh,,,,,,,raleica01,21534,663728,10866,raleica01,11531
slbkt2y2e8,,,,,,,canhama01,11445,592192,8977,canhama01,9898
slqsl23v80,,,,,,,mesavi01,25999,683748,10840,,60246
smdwhr99mm,,,,,,,nanceto01,19178,667297,11215,,12199
sme4ky5n5r,,,,,,,romodr01,27763,691011,11914,romodr01,12134
sn96msenxh,,,,,,,palacri01,24589,680700,10425,palacri01,12316
snkqz1bwed,,,,,,,svansma01,29629,694335,12266,,63308
sp8f7ws9r4,,,,,,,nelsory01,26253,669194,11326,nelsory01,12356
sq6q3jp7gr,,,,,,,leasujo01,29950,673929,12028,leasujo01,62085
sqlyex3bn4,,,,,,,leitema02,15551,643410,9648,leitema02,10681
sr6x6mey1w,,,,,,,fundeko01,24993,681892,11850,,61718
srl4pgb9sr,,,,,,,mcgousc01,12056,543518,9130,mcgousc01,10054
ssbt9jezer,,,,,,,blissry01,29547,669208,11941,blissry01,12358
st0rqlc7e0,,,,,,,minteaj01,18655,621345,9734,minteaj01,10794
st9y7f68q8,,,,,,,ennsdi01,13932,608650,9525,,10783
styptz72hm,,,,,,,fluhama01,31553,689254,12373,,61987
sv200zk1s8,,,,,,,walstbl01,26270,686796,11033,walstbl01,11727
sw1xbsxxbr,,,,,,,,sa3011527,674175,12431,,64128
swhnjwpyqd,,,,,,,nelsoky01,20515,669459,10929,nelsoky01,11893
swr2qn24ew,,,,,,,ribalor01,26247,687377,12153,,64784
sxc7z1lrmm,,,,,,,mastrmi01,20017,670156,10956,mastrmi01,12704
syz08wh7ed,,,,,,,torregl01,16997,650402,9778,torregl01,10236
sz0l0lq6bw,,,,,,,rutscad01,26288,668939,10704,rutscad01,11732
szw0f96ml0,,,,,,,deanju01,25005,681909,12438,,60883
t0gjezecx0,,,,,,,simpsjo02,25957,681006,11683,,12752
t1hbnjk7wm,,,,,,,waterdr01,20505,671221,10188,waterdr01,11272
t37wcrv1jw,,,,,,,,sa3017036,683522,11979,,63482
t3lrfzwzpr,,,,,,,montera01,12760,606160,8682,montera01,9598
t4mwxmp738,,,,,,,rileyau01,18360,663586,9821,rileyau01,10420
t4z4yp8p6w,,,,,,,tollepa01,35466,801139,12452,,64394
t57ntwlj3r,,,,,,,eflinza01,13774,621107,9379,eflinza01,10141
t5cm9gnqgd,,,,,,,martior01,25967,682619,10420,martior01,11407
t5xgkelm40,,,,,,,henceti01,sa3014709,693311,12033,henceti01,12177
t60mpp05m0,,,,,,,quantca01,19312,615698,9959,quantca01,10573
t75ezb9mx4,,,,,,,seymobo01,30028,676044,12442,,64093
t7nnx7w7r8,,,,,,,nerishe01,11804,593576,8860,nerishe01,9779
t84zmdvz34,,,,,,,lewisro02,20437,668904,10319,lewisro02,10916
t8crjneshm,,,,,,,britojh01,25386,666745,11638,britojh01,12713
t8fb82zb48,,,,,,,whiteel04,19346,642201,10821,whiteel04,11402
tcslgq1254,,,,,,,graveke01,15514,608665,8900,graveke01,9821
td5h5ehe58,,,,,,,simonro01,25346,682927,12022,,61697
tdteytdqt8,,,,,,,kinlety01,18297,641755,9938,kinlety01,10985
te3wspnnnr,,,,,,,ashcrbr01,23793,677952,11999,,11372
teswpd8zgw,,,,,,,roberlu01,20043,673357,9958,roberlu01,10765
tf94lltmxh,,,,,,,mccutan01,9847,457705,6696,mccutan01,7977
tf9fgkmr98,,,,,,,bartjo01,21524,663698,10245,bartjo01,11097
tfm5yxq1rd,,,,,,,rodrigr01,24492,680570,10207,rodrigr01,11277
tfqy3w0c84,,,,,,,pillake01,12434,607680,8576,pillake01,9490
tgp13vz3hh,,,,,,,bouchse01,21270,656248,11497,bouchse01,12639
thdk6ee42d,,,,,,,colege01,13125,543037,8231,colege01,9121
tjchys65zd,,,,,,,,sa3011555,671936,11971,,12535
tkgwnesnn4,,,,,,,,sa3043475,823771,,,
tky4em2vcd,,,,,,,croneja01,18036,630105,10766,croneja01,11692
tl5qp4skph,,,,,,,rodonca01,16137,607074,8942,rodonca01,9823
tl6zdqded4,,,,,,,diazel01,11680,553869,9153,diazel01,10076
tlbcrcn9z8,,,,,,,nikhado01,30142,680951,12276,,12403
tm3fq3drd4,,,,,,,fernary01,24862,681676,12004,fernary01,63499
tmz9hsrl10,,,,,,,corbipa01,9323,571578,8272,corbipa01,9168
tp7mhp8cgw,,,,,,,ferguty01,19481,621053,12087,ferguty01,61755
tqlgmrktx8,,,,,,,wolfrgr01,21623,664991,12330,,63647
tqzg9g7ty4,,,,,,,schwesp01,31846,680885,12096,schwesp01,12363
trelr34ntm,,,,,,,holdeco01,22361,670059,11469,holdeco01,12616
tsqhv98nhr,,,,,,,stubbga01,18067,596117,10201,stubbga01,10478
tvnpvjgp4h,,,,,,,gillalo01,22461,670810,11380,,12347
twq4e4nry8,,,,,,,palmqca01,31612,687223,12396,,60152
ty3jd0tjxd,,,,,,,maddety01,30140,680744,11918,maddety01,12423
tyt2rzbhww,,,,,,,harridu01,25705,687957,11589,harridu01,12567
tz4tgvl0xm,,,,,,,kjershe01,31166,677008,11771,kjershe01,12121
v0jwhpb2f4,,,,,,,cabreed02,21690,665795,10721,cabreed02,10903
v0qdg6px64,,,,,,,chapmar01,10233,547973,7709,chapmar01,8616
v11505ck4r,,,,,,,,sa3016976,701496,12297,,61691
v2g5gqr900,,,,,,,delosde01,sa3015168,691277,11615,delosde01,60057
v2sckwmvpw,,,,,,,anderty01,12880,542881,9107,anderty01,10031
v2sk5fkd6h,,,,,,,stephro01,13594,596112,8650,stephro01,9563
v3ldvp1mhh,,,,,,,paulegr01,31363,688363,11954,paulegr01,63624
v3tlfzh4d8,,,,,,,thorpdr01,31967,689672,11896,thorpdr01,60297
v4h33vlhc0,,,,,,,bachmsa01,29754,696147,11796,,12452
v4j1sgdk40,,,,,,,tauchmi01,15274,643565,9698,tauchmi01,10747
v577m59m7d,,,,,,,baldwbr01,31394,681460,12128,baldwbr01,63544
v5d20qhz4r,,,,,,,taylomi02,11489,572191,8866,taylomi02,9784
v5v328dqf8,,,,,,,cannojo02,31730,686563,12078,cannojo02,60159
v5yf5kb680,,,,,,,arandjo01,21837,666018,11394,arandjo01,12309
v6x0s407q4,,,,,,,gelofza01,29766,680869,11624,gelofza01,12503
v758z7xbjh,,,,,,,jonesno01,20529,666134,10304,jonesno01,10463
v80njhlnqr,,,,,,,stephty01,17988,663886,10358,stephty01,10456
v82ppqgz8h,,,,,,,brzykza01,27783,694350,11744,,60461
v8cesgr7nd,,,,,,,matzst01,13361,571927,8689,matzst01,9599
v8g23cr3yw,,,,,,,caglija01,35041,695506,12211,caglija01,64312
v8p2hk99b4,,,,,,,alexaty01,17735,641302,10646,alexaty01,10469
v8pwcecb0w,,,,,,,martida03,21448,663436,11470,martida03,12617
v8r6xlf8bh,,,,,,,strichu01,7836,519326,8890,strichu01,9809
v93v30k410,,,,,,,martiau01,27462,668885,10833,martiau01,12026
vbfrl2tc00,,,,,,,,sa3008916,683679,12281,,61813
vc60peyc70,,,,,,,youngco01,31680,702284,12249,youngco01,60580
vets6j81e0,,,,,,,peguejo01,21951,666711,12445,,63735
vf0qfcs8f4,,,,,,,halldl01,22207,669084,10187,halldl01,10848
vf0w8e6ppd,,,,,,,curtijo02,16128,595928,9733,curtijo02,10793
vfjnl3d444,,,,,,,,sa3015346,691330,12264,,64773
vgqzke5kkr,,,,,,,nunezed03,23162,674384,12421,,64804
vh85sl4gf4,,,,,,,waldrma01,25550,663362,11815,waldrma01,61395
vh9m48w37d,,,,,,,evanslo01,33699,688138,12208,evanslo01,64011
vhfzx82y9w,,,,,,,perazos02,22823,672724,11156,perazos02,12097
vjef1cgts4,,,,,,,lemahdj01,9874,518934,8079,lemahdj01,8949
vk4gr2zbhh,,,,,,,alexacj01,20557,680769,12115,,61739
vkbwtdzhzh,,,,,,,arozara01,19290,668227,10671,arozara01,11104
vlwc95c7j4,,,,,,,loftini01,27630,679845,11612,loftini01,12144
vlzpcweb0d,,,,,,,jarvibr01,27477,686826,11031,,11968
vm5n35ysl8,,,,,,,smithsh02,31687,681343,12305,smithsh01,63967
vn6t43sjy0,,,,,,,gilbelo01,22250,669302,10712,gilbelo01,11381
vp9g6r8wld,,,,,,,paintan01,sa3017880,691725,11585,paintan01,60592
vpw0mfppym,,,,,,,birdsha01,31635,806185,12026,birdsha01,63627
vqkdd49bx0,,,,,,,bushky01,29823,681066,12143,bushky01,12453
vr31xjrc34,,,,,,,burleal01,27615,676475,11421,burleal01,12550
vsjer8pdbr,,,,,,,garciar01,16925,605244,9898,garciar01,10578
vtwx2pyftd,,,,,,,scottch01,30107,681035,11912,scottch01,60292
vw5vrsdj6h,,,,,,,shugach01,21544,663767,12150,,60888
vwqn0jzb34,,,,,,,robyte01,sa3014519,694358,11899,robyte01,60429
vx6m24pb84,,,,,,,longsa01,25379,669674,11220,longsa01,12205
vxnj6zdp7w,,,,,,,bummeaa01,16258,607481,9713,bummeaa01,10773
vz0zg4f7m8,,,,,,,henryto01,26285,674072,11030,henryto01,11969
vze2delw6m,,,,,,,phillty01,20629,663969,10734,phillty01,11400
w1jh3hwx3m,,,,,,,crismna01,17732,622503,10887,crismna01,12020
w20ydbw3zm,,,,,,,hanigmi01,14274,571745,9431,hanigmi01,10369
w27n8sc42w,,,,,,,garvemi01,15161,641598,9549,garvemi01,10789
w282qfnk2m,,,,,,,roberda08,8241,502085,7384,roberda08,8287
w2dvbtzv0w,,,,,,,pintajo01,33980,702752,12418,,65952
w3d7m80qmw,,,,,,,hoskirh01,16472,656555,9725,hoskirh01,10556
w3hy2smnz0,,,,,,,smithca07,35108,701358,12331,smithca01,64330
w3j5re2mzw,,,,,,,solerjo01,14221,624585,8331,solerjo01,9228
w3r6lk3j20,,,,,,,coxau01,24604,680735,10934,coxau01,11469
w4jbwgxz5h,,,,,,,mlodzca01,27572,669387,11810,mlodzca01,12169
w4vnt3g2hr,,,,,,,crewsdy01,33541,686611,11922,crewsdy01,62971
w5b938wxgd,,,,,,,monteco01,21547,663796,11767,monteco01,60689
w8y9dz0jbr,,,,,,,sternju01,27694,686993,12097,,63720
w999fd2pym,,,,,,,suareeu01,12552,553993,8805,suareeu01,9724
w99n89pr80,,,,,,,abreuwi02,23772,677800,11709,abreuwi02,12731
w99y831fww,,,,,,,manzaky01,29794,700932,11600,manzaky01,60411
wc66clfg7h,,,,,,,headrbr01,27702,687396,11689,,12727
wd10g6jhqw,,,,,,,fairbpe01,17998,664126,10634,fairbpe01,11597
wd1pjg73zh,,,,,,,greenri03,25976,682985,10822,greenri01,11760
wevg7y5f1m,,,,,,,burrry01,17536,621114,10084,,11139
wg27ttznvh,,,,,,,delucjo01,26365,676356,11681,delucjo01,12726
wglw5l6z3h,,,,,,,perezci01,19614,672335,9869,perezci01,10644
wgwvjhhx00,,,,,,,tayloty01,13675,621438,10114,tayloty01,10195
wh1nnf5308,,,,,,,espinsa01,19997,669289,10781,espinsa01,11556
wh37zrpchr,,,,,,,mantijo01,14857,573009,9450,mantijo01,10393
wjlexvchjd,,,,,,,merryju01,16703,657240,9859,merryju01,11192
wkdg1s9x70,,,,,,,sogarni01,25483,686765,12138,,60891
wl972mr7p8,,,,,,,canaral01,22842,672744,10129,canaral01,11385
wlfgcq8xb8,,,,,,,mizeca01,20492,663554,10159,mizeca01,11083
wlgqz6yz50,,,,,,,winnma01,27479,691026,10899,winnma01,12025
wlnkzm5ybw,,,,,,,cosgrto01,23443,676680,11699,,12756
wlq8qz0s5h,,,,,,,queroed01,28022,700337,12191,queroed01,12457
wm51792zmr,,,,,,,garcilu05,23735,677651,11003,garcilu05,11903
wm73lg9hnw,,,,,,,leedy01,19996,669276,10842,leedy01,12275
wm8lyskv9h,,,,,,,estrath01,16426,642731,9894,estrath01,10923
wmbn5wx6fh,,,,,,,escarjc01,20084,641555,12242,escarjc01,60671
wmr2bje1tm,,,,,,,backhky01,679775,679775,12407,,60553
wn4jx5ydrm,,,,,,,urenajo01,11589,570632,9010,urenajo01,9931
wnp1zzbh5d,,,,,,,kentza01,25703,687849,11714,,12724
wphtzfkekh,,,,,,,varlagu01,24737,681402,11731,varlagu01,12772
wqhnl9yh00,,,,,,,rogerja03,19452,668670,10531,rogerja03,10900
wr7lpzxfhh,,,,,,,phillev01,17734,623465,9635,phillev01,11052
wrl4gf5glr,,,,,,,jungjo01,26299,673962,10980,jungjo01,11850
wv0556ts1w,,,,,,,stratch01,13761,608717,9292,stratch01,10311
wv8qp9r1g0,,,,,,,kingjo01,22051,667463,11094,,12059
wvbxmsrqc8,,,,,,,mcgeeea01,22176,668834,11579,mcgeeea01,12705
wx81tpmg34,,,,,,,mccarja02,21622,664983,10226,mccarja02,11265
wxhhn2gwb8,,,,,,,grissva01,26031,687093,11531,grissva01,12361
wxw4hqwrv4,,,,,,,horwisp01,26477,687462,11434,horwisp01,12742
wymyh4w7ym,,,,,,,enrigni01,25553,663671,11722,enrigni01,12769
wz8m2tjgkw,,,,,,,bandaan01,14706,607455,9563,bandaan01,10413
wzgej52ljw,,,,,,,santaca01,2396,467793,7514,santaca01,8619
wzywlpzbcw,,,,,,,francty01,17982,664034,10485,francty01,11231
x0rxqsm04w,,,,,,,millety01,19976,668338,10777,,11698
x13668rmfh,,,,,,,meltoja01,31661,689200,12046,meltoja01,60184
x2sy0c0350,,,,,,,guerrvl02,19611,665489,9785,guerrvl02,10621
x2zgb6shz8,,,,,,,schneda03,23565,676914,11838,schneda03,61681
x3p8lfkmeh,,,,,,,toglimi01,25845,669911,11080,toglimi01,11759
x5f747991w,,,,,,,paddach01,20099,663978,10161,paddach01,10575
x6mv361y7d,,,,,,,venezan01,27453,685107,11870,venezan01,62082
x6yrjterzd,,,,,,,quintjo01,11423,500779,8280,quintjo01,9176
x72s5jqzkh,,,,,,,tuckeky01,18345,663656,9787,tuckeky01,10480
x73bdgh0b4,,,,,,,erceglu01,19360,668674,9921,erceglu01,10659
x762qn0bv0,,,,,,,martiju01,24453,679885,11666,martiju01,12750
x7bb7sxmp8,,,,,,,hergeke01,15369,643361,11539,,12675
x9nkx4w9d8,,,,,,,sandopa02,19447,663776,10308,sandopa02,11478
x9q32gsp1w,,,,,,,mayerma01,29668,691785,11934,mayerma01,12375
xc711fcqhr,,,,,,,blewesc01,16427,656240,10452,,10488
xf3y0cz9mm,,,,,,,legumca01,25921,668984,11690,,12728
xfc1wet9lh,,,,,,,varlalo01,27691,686973,11424,varlalo01,12695
xfxrm25vwh,,,,,,,toroab01,19844,647351,10001,toroab01,11642
xgjqnd45mm,,,,,,,stromma01,13431,573186,8721,stromma01,9637
xgmfnnn5cm,,,,,,,mortoch02,4676,450203,6918,mortoch02,8270
xgskkcb3yr,,,,,,,wallsta01,22458,670764,10955,wallsta01,11891
xgxzwgq018,,,,,,,smithdy01,30145,681916,12404,smithdy01,12425
xh75vmt8y8,,,,,,,rookebr01,19627,667670,10149,rookebr01,10917
xhqnfch8sw,,,,,,,pettych02,30170,695534,12045,pettych02,12484
xjbxbgn4l8,,,,,,,hayeske01,18577,663647,10262,hayeske01,10566
xjpl19qsqd,,,,,,,halvose01,33294,678020,12169,halvose01,63214
xk0n6xr3bm,,,,,,,weavelu01,16918,596133,9430,weavelu01,10217
xk8emrxd5m,,,,,,,wagnewi01,29634,695238,12151,wagnewi01,61682
xl1z86e7gd,,,,,,,schulpa01,25501,687606,12383,,65397
xlh503n348,,,,,,,petermi01,20827,656848,12107,,63448
xm3r7p32t8,,,,,,,bradfco01,27597,674003,11792,bradfco01,60440
xm7pb59fjw,,,,,,,duranez01,23733,677649,11370,duranez01,11886
xp3whtvmc0,,,,,,,villada01,24782,681584,11510,villada01,12651
xqefs7qnmw,,,,,,,crawfjp01,15491,641487,8694,crawfjp01,9610
xqh3j312qr,,,,,,,olsonre01,24968,681857,11594,olsonre01,12429
xrky4963jr,,,,,,,milladr01,25643,686452,11849,,12587
xrz075be5r,,,,,,,kittran01,12828,552640,9706,kittran01,10763
xt25l8ebdh,,,,,,,hergeji01,17556,623474,10501,hergeji01,11203
xt783zt154,,,,,,,litteza01,15823,641793,9860,litteza01,11035
xv4ghztfjd,,,,,,,devanca01,25688,687478,12425,,61743
xwfenvbp4w,,,,,,,hollija01,31781,702616,11751,hollija01,60090
xxq453n06m,,,,,,,robinch04,19824,642020,11532,,12669
xxsyb0t0ld,,,,,,,trejoal01,20056,676701,11036,trejoal01,11945
xy5dw2k034,,,,,,,brujavi01,20536,660644,9987,brujavi01,11395
xy6l5263xd,,,,,,,mckentr01,18000,663474,9965,mckentr01,10462
xymfpjbmpr,,,,,,,berrost01,22766,672642,12113,berrost01,61812
xyp3npyz3h,,,,,,,ramirer02,10314,541640,8242,ramirer02,9135
y1mnd23nd4,,,,,,,peralwa01,14295,593974,9448,peralwa01,10391
y1qpdg5t34,,,,,,,sabroer01,24978,681870,12167,,63091
y218njyfh4,,,,,,,owensty01,26030,687074,12295,,63527
y2ed0w6sl0,,,,,,,wellsty01,20000,669330,11193,wellsty01,12114
y2kqpj4mpm,,,,,,,paganem01,14771,641941,9652,paganem01,10691
y2mqjn8f2r,,,,,,,tatisfe02,19709,665487,9948,tatisfe02,10639
y2t10fr51r,,,,,,,schwaky01,16478,656941,8940,schwaky01,9861
y3jwgys4xd,,,,,,,riverem01,19890,656896,11231,riverem01,11473
y44lddnx8r,,,,,,,gombeau01,16561,596295,9847,gombeau01,11006
y49yq74y4m,,,,,,,vavrate01,24400,679631,10429,vavrate01,11303
y5qcrfhv1m,,,,,,,bednada01,19569,670280,10681,bednada01,11645
y6re58sg4r,,,,,,,azocajo01,18821,640492,11446,azocajo01,10476
y7461vzl5w,,,,,,,mathequ01,sa3023407,687273,12192,mathequ01,62874
y7b4h2hyvm,,,,,,,zastrro01,15094,642239,9435,,10371
y7wc100l9m,,,,,,,acostma02,27963,691185,12290,,11848
y80pwcw504,,,,,,,reaco01,12317,607067,9124,reaco01,10048
y8r8nxqemd,,,,,,,megiltr01,17722,656730,10804,megiltr01,11717
yc77q48550,,,,,,,mollsa01,14874,594580,9498,mollsa01,10178
ydq67n1ehd,,,,,,,,sa3017914,672021,12278,,64001
yeed20xl9h,,,,,,,rasmudr01,25385,656876,10807,rasmudr01,11789
yj0x72c9q0,,,,,,,goodmhu01,29715,696100,11848,goodmhu01,12409
yk4k1er088,,,,,,,rengilu01,19858,650859,9609,rengilu01,11210
yk8t3kemeh,,,,,,,herreiv01,20599,671056,10220,herreiv01,11836
ykn111ez8w,,,,,,,yateski01,9073,489446,8808,yateski01,9727
yl57zqqbrr,,,,,,,ellarfr01,29530,686642,12136,,60627
ylqeeqepc8,,,,,,,taillja01,11674,592791,7886,taillja01,9123
ynp1xrjv78,,,,,,,gervapa01,31571,801434,12417,,63919
yp3dymzkw4,,,,,,,johnsry01,35325,696270,12368,,64367
ypp62bv758,,,,,,,smithwi05,19197,669257,10363,smithwi05,10642
yr1d63w2ew,,,,,,,estraje01,22210,669093,11553,estraje01,12687
ysx5t6934h,,,,,,,dunnida01,19409,641540,10174,dunnida01,10451
ytql4t4mt0,,,,,,,lowena01,19566,663993,10296,lowena01,11090
yvnlffqkpm,,,,,,,verdual01,17027,657077,9757,verdual01,10505
ywekevdz0w,,,,,,,kimhy02,35322,808975,12214,kimhy02,64858
ywgyqkn9kh,,,,,,,wongco01,19896,657136,10937,wongco01,11483
ywwd2sy274,,,,,,,grovemi01,23221,675627,11055,grovemi01,11332
yxrv54hzg8,,,,,,,hartlge01,19558,664129,10623,hartlge01,11587
yzqgs6pggr,,,,,,,eatonna01,25055,681987,11515,eatonna01,12656
z0dz1e1t5m,,,,,,,wallnma01,26466,670242,11576,wallnma01,11795
z1cn7e08c4,,,,,,,ashbyaa01,23550,676879,10372,ashbyaa01,11489
z1qwtvmh74,,,,,,,vesiaal01,25007,681911,10784,vesiaal01,11920
z28y2njr34,,,,,,,chengts01,28344,691907,11998,,63486
z3qkd60n88,,,,,,,lasorjo01,25481,686747,11798,,60624
z444fb5vnm,,,,,,,faedoal01,19874,656412,10127,faedoal01,10880
z4sdsjf7qh,,,,,,,perezsa02,7304,521692,8134,perezsa02,9015
z4y1jjq1fw,,,,,,,martich02,11847,455119,8768,martich02,9684
z56eq0xgmw,,,,,,,lynchda02,21537,663738,10176,lynchda02,11322
z5ypjzw7ld,,,,,,,lucchjo01,19320,664192,9952,lucchjo01,10941
z72n72j3fr,,,,,,,devench02,12763,606965,9342,devench02,10264
z85yq85ez0,,,,,,,smithca06,27867,671922,11982,smithca06,60016
z86ndx53y0,,,,,,,lawreju01,17639,664875,10499,lawreju01,11207
z9jtdtsq8r,,,,,,,schanno01,33189,694384,11844,schanno01,62953
z9pw7ntb9r,,,,,,,nootbla01,21454,663457,11225,nootbla01,12212
zb5hmd0pyh,,,,,,,brebbjo01,12777,605154,9664,brebbjo01,10711
zbns9hg4l4,,,,,,,mccoyma01,22232,669200,11851,,60770
zc871jlqr8,,,,,,,meyerja02,20308,676694,10999,meyerja01,11913
zcdd8ndwz8,,,,,,,,sa3015579,691858,12263,,63609
zcmvz5sc94,,,,,,,munozan01,20373,662253,10134,munozan01,11526
zcz6fs97zd,,,,,,,volpean01,27647,683011,11325,volpean01,11809
zdtpzsc1p8,,,,,,,kelenja01,22558,672284,10230,kelenja01,11382
ze72vfhj5d,,,,,,,martise01,21045,661527,11293,,12273
zeb60s5q8r,,,,,,,ortizlu03,27646,682847,11572,ortizlu03,12699
zed050f2l8,,,,,,,gonzaro01,21562,663853,11276,gonzaro01,12262
zfdvvllx24,,,,,,,banksta01,16990,621383,11444,banksta01,12593
zfl4cm1dsd,,,,,,,eovalna01,9132,543135,8130,eovalna01,9007
zg6df9fpmd,,,,,,,maydu01,19716,669160,10189,maydu01,10898
zhfnjq9p3w,,,,,,,carteev01,27790,694497,11753,carteev01,12563
zjjflfpv7m,,,,,,,campegu01,22707,672569,12185,,62499
zlb613bpvd,,,,,,,nunezdo01,15055,624513,10673,nunezdo01,10650
znbecqt5nh,,,,,,,sprinje01,17677,605488,10067,sprinje01,11121
zp8tkfxt8h,,,,,,,ornelti01,22566,672359,10343,ornelti01,11376
zqc2pvldvw,,,,,,,millebo06,27483,676272,11073,millebo06,12037
zqy3hkvsbh,,,,,,,kranima01,22175,668820,10909,,11977
zqzl32tfnh,,,,,,,soriage01,21863,666277,11684,,12751
zst146vygd,,,,,,,wilsowe01,19358,642215,11840,wilsowe01,60595
zt0h7t3wz8,,,,,,,walkejo03,23617,677020,11793,,12492
ztj0rjng8r,,,,,,,huffsa01,22209,669087,10826,huffsa01,11849
ztsfxzrjk8,,,,,,,turnbsp01,16207,605513,9893,turnbsp01,10180
zvxwrv85hm,,,,,,,olsonma02,14344,621566,8690,olsonma02,9605
zw18bswkf4,,,,,,,diazjh01,20298,646242,11291,,11432
zwfqldx7hr,,,,,,,drisclo01,25475,686482,12172,drisclo01,60885
zwgjkx38gm,,,,,,,jaxgr01,20253,643377,11218,jaxgr01,12203
zwk7xf8srm,,,,,,,perezeu02,27768,691587,11591,perezeu02,12468
zx51q8l04m,,,,,,,florewi01,5827,527038,7538,florewi01,9483
zys999p3dm,,,,,,,livelbe01,14932,594902,8960,livelbe01,9881
zz3j5814vr,,,,,,,crookji01,31354,699625,12450,,60406
zzw7zfl3qh,,,,,,,sproabr01,33850,687075,12198,sproabr01,63017
